SKU,reelNumber,Description,location,counted,capturedQuantity,notes,isActive,isReel,isTwoWayReel,footageFactor,innerSequence,outerSequence,innerSequence2,outerSequence2,isRecount
180702,,"PRECISION FIBER MIDSIZE FLEX NID SC/APC
FIBER TRANSITION BOX ",2900,,231,exempt test,TRUE,,,,,,,,
960001,,BASHLIN WIDE BRIM HARD HAT | hardhat full,14400,,4,exempt test,TRUE,,,,,,,,
960002,,FIRST AID KIT 90754 | firstaid,14500,,3,exempt test,TRUE,,,,,,,,
960005,,HANDLINE KEEPER FOR LINEMAN BELT #9509844 DBI SALA,12500,,20,exempt test,TRUE,,,,,,,,
960009,,EAR PLUGS RE-USABLE W/CASE 6400,5700,,213,exempt test,TRUE,,,,,,,,
970015,,BAG RESEALABLE QUART,null,,32,exempt test,TRUE,,,,,,,,
970030,,"KRAFT 2 FASTENER FOLDER, LETTER FK212 1/3 CUT TABS",null,,95,exempt test,TRUE,,,,,,,,
970031,,"KRAFT 2 FASTENER FOLDER, LEGAL FK312 1/3 CUT TABS",null,,100,exempt test,TRUE,,,,,,,,
980008,,DISPOSABLE BOOT/SHOE COVERS,14400,,790,exempt test,TRUE,,,,,,,,
980009,,"POUCH FOR 4"" CABLE TIES PPC25X50F",13500,,4,exempt test,TRUE,,,,,,,,
980063,,HARD HAT SUNSHIELD MESH FULL BRIM W/NECK SHADE,null,,20,exempt test,TRUE,,,,,,,,
980063,,HARD HAT SUNSHIELD MESH FULL BRIM W/NECK SHADE,14400,,8,exempt test,TRUE,,,,,,,,
980065,,SPLICER'S SEAT,13600,,2,exempt test,TRUE,,,,,,,,
980082,,"INSTALLER DRILL BIT AUGER WOOD 11/16x18"" | pole",null,,2,exempt test,TRUE,,,,,,,,
980600,,OVAL BUCKET WITH 15 INTERIOR POCKETS,12500,,1,exempt test,TRUE,,,,,,,,
990020,,BUCKET BUDDY SPLICING TABLE ,13200,,1,exempt test,TRUE,,,,,,,,
990020,,BUCKET BUDDY SPLICING TABLE ,13200,,1,exempt test,TRUE,,,,,,,,
1025TOOL,,BRIDLE ROPE ASSEMBLY FOR LASHERS,13700,,3,exempt test,TRUE,,,,,,,,
1030BH,,SCOTCHLOK UCC CONNECTOR UCC-JAR500,5600,,12000,exempt test,TRUE,,,,,,,,
1060BH,,3M 4435 SHEATH SCUFF,5200,,8,exempt test,TRUE,,,,,,,,
1090OFF,,LEE SORTKWIK 10400 FINGER TIP MOISTURE,11100,,3,exempt test,TRUE,,,,,,,,
1100OFF,,COLORED PUSH PIN,11100,,0.2,exempt test,TRUE,,,,,,,,
1123TOOL,,"INSTALLER DRILL BIT WOOD 1/4"" X 18"" | 0.25 inch",11800,,2,exempt test,TRUE,,,,,,,,
1124TOOL,,"INSTALLER BIT MASONRY 1/4"" X 18"" | 0.25 inch drill concrete",11800,,21,exempt test,TRUE,,,,,,,,
1125TOOL,,"INSTALLER DRILL BIT WOOD 5/16"" x 18"" | 0.3125 inch",11800,,43,exempt test,TRUE,,,,,,,,
1130TOOL,,"INSTALLER DRILL BIT WOOD 3/8"" x 18""",11800,,12,exempt test,TRUE,,,,,,,,
1140TOOL,,"INSTALLER DRILL BIT WOOD 1/2x18"" | installer drill",null,,19,exempt test,TRUE,,,,,,,,
1150OFF,,SCISSORS HOME AND OFFICE FSK34527797J,null,,7,exempt test,TRUE,,,,,,,,
1160TOOL,,DRILL BIT MASONRY 5/16x18 | drill concrete,5100,,23,exempt test,TRUE,,,,,,,,
1170TOOL,,DRILL BIT MASONRY 3/8X18 | drill concrete,11800,,14,exempt test,TRUE,,,,,,,,
1175OSP,,3/8 x 1-1/2 in. ZINC PLATED STEEL HEX HEAD,1900,,500,exempt test,TRUE,,,,,,,,
1180TOOL,,1/2X18 MASONRY DRIL BIT,11800,,12,exempt test,TRUE,,,,,,,,
1190OSP,,ORANGE LOCATING FLAGS | marking,5100,,14080,exempt test,TRUE,,,,,,,,
1190OSP,,ORANGE LOCATING FLAGS | marking,null,,28800,exempt test,TRUE,,,,,,,,
1200OSP,,ORANGE MARKING TAPE 17000,5100,,35,exempt test,TRUE,,,,,,,,
120OFF,,BINDER CLIP JUMBO,11100,,27,exempt test,TRUE,,,,,,,,
1210OFF,,SWINGLINE 54033 #13 RUBBER FINGER TIP,11100,,60,exempt test,TRUE,,,,,,,,
1210TOOL,,DRILL BIT MASONRY BIT 5/32 X 4-1/2 51571 | drill concrete,11800,,7,exempt test,TRUE,,,,,,,,
1230OFF,,"STAPLER, COMMERCIAL, SWI76701",11700,,2,exempt test,TRUE,,,,,,,,
1240OFF,,"FULL STRIP STAPLES, SWI35450",5400,,15,exempt test,TRUE,,,,,,,,
1260OSP,,"3M LINT FREE CLOTH 4""X4"" | fiber cleaning squares cloths",5400,,898,exempt test,TRUE,,,,,,,,
1260OSP,,"3M LINT FREE CLOTH 4""X4"" | fiber cleaning squares cloths",7200,,2900,exempt test,TRUE,,,,,,,,
130OFF,,"BINDER CLIP MEDIUM 1/4""",11100,,27,exempt test,TRUE,,,,,,,,
1310CT,,"ELECTRICAL TAPE BLACK 0.75"" 88T",5600,,226,exempt test,TRUE,,,,,,,,
1312TOOL,,DRILL BIT SET 29 PIECE 53000,11800,,6,exempt test,TRUE,,,,,,,,
131OFF,,BINDER CLIPS MINI,11100,,44,exempt test,TRUE,,,,,,,,
1320CT,,"ELECTRICAL TAPE BLACK 1.50"" 88T | wide",12000,,941,exempt test,TRUE,,,,,,,,
1320CT,,"ELECTRICAL TAPE BLACK 1.50"" 88T | wide",5600,,179,exempt test,TRUE,,,,,,,,
1320TOOL,,DRILL BIT SET 15 PIECE 53001,11800,,3,exempt test,TRUE,,,,,,,,
1340CT,,SCOTCH VINYL COLORED ELEC TAPE-WHITE,5600,,6,exempt test,TRUE,,,,,,,,
1341CT,,SCOTCH VINYL COLORED ELECT TAPE-GRAY,5600,,7,exempt test,TRUE,,,,,,,,
1342CT,,SCOTCH VINYL COLORED ELECT TAPE-BROWN,5600,,10,exempt test,TRUE,,,,,,,,
1343CT,,SCOTCH VINYL COLORED ELECT TAPE-GREEN,5600,,5,exempt test,TRUE,,,,,,,,
1345CT,,SCOTCH VINYL COLORED ELECT TAPE-RED,5600,,12,exempt test,TRUE,,,,,,,,
1347CT,,SCOTCH VINYL COLORED ELECT TAPE-YELLOW,5600,,1,exempt test,TRUE,,,,,,,,
1347CT,,SCOTCH VINYL COLORED ELECT TAPE-YELLOW,null,,20,exempt test,TRUE,,,,,,,,
1348CT,,SCOTCH VINYL COLORED ELECT TAPE-VIOLET,5600,,6,exempt test,TRUE,,,,,,,,
1360SP,,VENTSAFE PROTECTOR 1 PAIR F1007669 | 351,3000,,211,exempt test,TRUE,,,,,,,,
1400SP,,VENTSAFE PROTECTOR 2 PAIR | 392-SVSR2,3000,,74,exempt test,TRUE,,,,,,,,
140OFF,,"SMALL BINDER CLIPS, UNV10200, 3/8""",11100,,215,exempt test,TRUE,,,,,,,,
1430SP,,VENTSAFE PROTECTOR 6 PAIR F1006781 | splice box splicebox ,3000,,22,exempt test,TRUE,,,,,,,,
1430TOOL,,SCOTCHLOCK 3M E-9E CRIMPING TOOL,12400,,3,exempt test,TRUE,,,,,,,,
1450OFF,,DRY ERASE MARKER GREEN P/N 83004,11100,,10,exempt test,TRUE,,,,,,,,
1450SP,,"PROTECTOR MODULE, 1 PAIR",3000,,170,exempt test,TRUE,,,,,,,,
1450SP,,"PROTECTOR MODULE, 1 PAIR",3000,,168,exempt test,TRUE,,,,,,,,
1470OFF,,DRY ERASE MARKER BLACK P/N 83001,11100,,1,exempt test,TRUE,,,,,,,,
1470SP,,"VENTSAFE PROTECTOR MODULE, 2 PAIR",3000,,79,exempt test,TRUE,,,,,,,,
150OFF,,RUBBER BANDS SIZE 19 UNV00419,11100,,-2,exempt test,TRUE,,,,,,,,
1520OFF,,DRY ERASE MARKER RED P/N 83002,11100,,27,exempt test,TRUE,,,,,,,,
1521BC,,"STAINLESS STEEL FLAT WASHER 3/8"" FOR NEWBASIS VAULT ASSEMBLY BHF",5700,,80,exempt test,TRUE,,,,,,,,
1522BC,,LID BOLT FOR NEWBASIS VAULT ASSEMBLY BHF,3800,,50,exempt test,TRUE,,,,,,,,
1523BC,,"HEX BOLT 3/8"" FOR NEWBASIS VAULT ASSEMBLY BHF",5700,,100,exempt test,TRUE,,,,,,,,
1530OFF,,DRY ERASE MARKER BLUE P/N 83003,11100,,-1,exempt test,TRUE,,,,,,,,
1550NID,,SYLVANIA J 103 MODULE,3000,,39,exempt test,TRUE,,,,,,,,
1550OFF,,SHARPIE ACCENT TANK STYLE HIGHLIGHTER BLUE,11100,,23,exempt test,TRUE,,,,,,,,
1551OFF,,SHARPIE ACCENT TANK STYLE HIGHLIGHTER MULTI COLOR,null,,6,exempt test,TRUE,,,,,,,,
1555OFF,,"HIGHLIGHTER,TANK STYLE, YELLOW, SAN25025",11100,,20,exempt test,TRUE,,,,,,,,
1560NID,,SYLVANIA J 104 JACK,3200,,177,exempt test,TRUE,,,,,,,,
1600TOOL,,EZ-RJ45 CRIMP TOOL,12400,,3,exempt test,TRUE,,,,,,,,
1605NID,,AFL 2 PAIR CLOSURE 911188-04 | two terminal block,3200,,37,exempt test,TRUE,,,,,,,,
1620NID,,CORING BUNCH BLOCK BRIDGING MO,3200,,16,exempt test,TRUE,,,,,,,,
1640NID,,JOSLYN 7070-06 NID,3200,,10,exempt test,TRUE,,,,,,,,
1640TOOL,,LINEMANS HAMMER 809-36,11800,,3,exempt test,TRUE,,,,,,,,
1641NID,,ALL WEATHER PLASTIC ENCLOSURE - 25 PAIR,3000,,5,exempt test,TRUE,,,,,,,,
1650NID,,KEPTEL 90313 TERMINAL BLOCK,5100,,92,exempt test,TRUE,,,,,,,,
1650TOOL,,"TEMPO COMMUNICATIONS, INC. STRIPPER FIBER OPTIC #PA1171",12500,,13,exempt test,TRUE,,,,,,,,
1656NID,,KIT ULM ADPT F/NI-200X NID | adapter plate for PTD NIDs,3200,,630,exempt test,TRUE,,,,,,,,
1660NID,,NETWORK INTERFACE DEVICE 6PAIR NID,3200,,25,exempt test,TRUE,,,,,,,,
1670NID,,"UNIVERSAL LINE MODULE, 3UU21",3100,,95,exempt test,TRUE,,,,,,,,
1675TOOL,,BULLET BOND PUNCH TOOL C4039,12200,,11,exempt test,TRUE,,,,,,,,
1690MISC,,REL. 1304 VSR-2 GAS TUBE,3000,,121,exempt test,TRUE,,,,,,,,
1700MISC,,REL. 123VSR2 PROT.,3300,,274,exempt test,TRUE,,,,,,,,
1702OFF,,FOAM MOUNTING DOUBLE-SIDED TAPE,11700,,10,exempt test,TRUE,,,,,,,,
1780MISC,,THREE PAIR LOAD COILS,5400,,34,exempt test,TRUE,,,,,,,,
1780TOOL,,SECURITY DRIVER 5/32  PIN IN HEAD#UP-B22,12500,,13,exempt test,TRUE,,,,,,,,
1790MISC,,SIX PAIR LOAD COILS,5400,,22,exempt test,TRUE,,,,,,,,
1790OFF,,"ANTI-STATIC SCREEN WIPES, IVR51516",null,,997,exempt test,TRUE,,,,,,,,
1790TOOL,,FLUKE CAN WRENCH 44007-000,12200,,4,exempt test,TRUE,,,,,,,,
180001-10,,"BOLT MACHINE 5/8"" x 10"" J8810",1600,,288,exempt test,TRUE,,,,,,,,
180001-12,,"BOLT MACHINE 5/8"" x 12"" J8812",1600,,476,exempt test,TRUE,,,,,,,,
180001-14,,"BOLT MACHINE 5/8"" x 14"" J8814",1600,,447,exempt test,TRUE,,,,,,,,
180001-16,,"BOLT MACHINE 5/8"" x 16"" J8816",1600,,58,exempt test,TRUE,,,,,,,,
180001-18,,"BOLT MACHINE 5/8"" x 18"" J8818",1600,,12,exempt test,TRUE,,,,,,,,
180001-20,,"BOLT MACHINE 5/8"" x 20""",1500,,25,exempt test,TRUE,,,,,,,,
180001-8,,"BOLT MACHINE 5/8"" x  8"" J8808",1600,,69,exempt test,TRUE,,,,,,,,
180001-EXT,,"BOLT EXTENSION 5/8"" 74109 | extender",1500,,10,exempt test,TRUE,,,,,,,,
180001-EYE,,"NUT 5/8"" THIMBLE EYE, J6510",1600,,105,exempt test,TRUE,,,,,,,,
180001-NUT,,"NUT 5/8"" SQUARE NUT J8563",1500,,1536,exempt test,TRUE,,,,,,,,
180001-W,,"WASHERS 5/8"" SQ CURVED J6822 | square",1600,,1667,exempt test,TRUE,,,,,,,,
180002-10,,"BOLT STRAIGHT EYE 5/8"" x 10"" J8051",1600,,249,exempt test,TRUE,,,,,,,,
180002-12,,"BOLT STRAIGHTT EYE 5/8"" x 12"" J8052",1600,,540,exempt test,TRUE,,,,,,,,
180002-14,,"BOLT STRAIGHT EYE 5/8""x14"" J8053",1600,,582,exempt test,TRUE,,,,,,,,
180002-16,,"BOLT STRAIGHT EYE 5/8""x16""",1600,,250,exempt test,TRUE,,,,,,,,
180002-8,,"BOLT STRAIGHT EYE 8"" J8050",1600,,50,exempt test,TRUE,,,,,,,,
180003-10,,"BOLT ANGLE EYE 5/8"" x 10"" J8151",1600,,103,exempt test,TRUE,,,,,,,,
180003-12,,"BOLT ANGLE EYE 5/8"" x 12"" J8152",1600,,666,exempt test,TRUE,,,,,,,,
180003-14,,"BOLT ANGLE EYE 5/8"" x 14"" J8153",1600,,324,exempt test,TRUE,,,,,,,,
180003-16,,"BOLT ANGLE EYE 5/8""x16""",1600,,176,exempt test,TRUE,,,,,,,,
180003-8,,"BOLT ANGLE EYE 5/8""x 8""",1600,,48,exempt test,TRUE,,,,,,,,
180004-1,,"LAG SCREW 0.5"" X 4.5"" J8745P | hard head hardhead",1600,,2,exempt test,TRUE,,,,,,,,
180004-2,,"LAG SCREW 1/2""x3""",1600,,411,exempt test,TRUE,,,,,,,,
180004-3,,"LAG SCREW 1/4"" x 2 1/2"", J8652-1/2 | hard head hardhead",1600,,287,exempt test,TRUE,,,,,,,,
180004-4,,"LAG SCREW HEX 1/4 X 2"" | screw bolt",7000,,17389,exempt test,TRUE,,,,,,,,
180004-5,,"CONCRETE SCREW ANCHOR 3/16 x  2.75""",7000,,4500,exempt test,TRUE,,,,,,,,
180005-1,,WIRE VICE 5056  | dead end bell  .062-.100,1500,,329,exempt test,TRUE,,,,,,,,
180005-1.1,,MACLEAN WIRE VISE 0.109 5058 F029121 | dw bell dead end,null,,233,exempt test,TRUE,,,,,,,,
180005-1.1,,MACLEAN WIRE VISE 0.109 5058 F029121 | dw bell dead end,1500,,143,exempt test,TRUE,,,,,,,,
180005-10,,"STRAND VICE 5/16"" 6M 5101 | dead end bell strand vice",1500,,280,exempt test,TRUE,,,,,,,,
180005-11,,"STRAND LINK 5/16"" 6M 5001 | 6m fargo pickle",1500,,244,exempt test,TRUE,,,,,,,,
180005-12,,"STRAND VICE 3/8"" 10M 5102 | dead end bell strand vice",1500,,55,exempt test,TRUE,,,,,,,,
180005-13,,"STRAND LINK 3/8"" 10M 5002 | fargo pickle",1500,,64,exempt test,TRUE,,,,,,,,
180005-14,,"STRAND VICE 7/16"" 16M 5203 | dead end bell strand vice",1500,,48,exempt test,TRUE,,,,,,,,
180005-15,,"STRAND LINK 7/16"" 16M 5003 | fargo pickle",1500,,20,exempt test,TRUE,,,,,,,,
180005-16,,SIDEWALK GUY POLE PLATE  F392843 J0521,1400,,22,exempt test,TRUE,,,,,,,,
180005-17,,FITTING CLAMP BOLT END 2/2-1/2,1400,,24,exempt test,TRUE,,,,,,,,
180005-2,,WIRE LINK # 5059 10 AWG | wirelink pickle .102-.110,1500,,66,exempt test,TRUE,,,,,,,,
180005-3,,WIRE VISE 5072 | dead end bell strand .120-.134,1500,,15,exempt test,TRUE,,,,,,,,
180005-4,,WIRE LINK 5063 |10awg pickle .120-.134,1500,,25,exempt test,TRUE,,,,,,,,
180005-5,,"STRAND VISE 3/16"" 2.2M 5099 | dead end bell strand vice",1500,,12,exempt test,TRUE,,,,,,,,
180005-6,,STRAND LINK 2.2M 4999 | 2m fargo pickle,1500,,29,exempt test,TRUE,,,,,,,,
180005-7,,"STRAND VISE 1/4"" 6.6M 5100 | dead end bell strand vice",1500,,37,exempt test,TRUE,,,,,,,,
180005-8,,"STRAND LINK 6.6M 1/4"" 5000 | fargo pickle",1500,,114,exempt test,TRUE,,,,,,,,
180005-9,,"STRAND LINK 5039 3/16"" | fargo pickle ..145-.215",1500,,38,exempt test,TRUE,,,,,,,,
180006-1,,16MM MICRODUCT COUPLING-DURALINE | micro duct coupler,5500,,930,exempt test,TRUE,,,,,,,,
180006-1,,16MM MICRODUCT COUPLING-DURALINE | micro duct coupler,5500,,217,exempt test,TRUE,,,,,,,,
180006-11,,"COUPLER ALUMINUM BARBED 1.5"" | coupling",null,,6,exempt test,TRUE,,,,,,,,
180006-11,,"COUPLER ALUMINUM BARBED 1.5"" | coupling",5200,,182,exempt test,TRUE,,,,,,,,
180006-13,,"COUPLER THREADED REDUCER 1.25-1.00"" ALUM | coupler",5200,,13,exempt test,TRUE,,,,,,,,
180006-14,,"REDUCER DUCT COUPLING 1 1/2""-1 1/4"" | coupler",5200,,15,exempt test,TRUE,,,,,,,,
180006-15,,"SPLIT ADAPTER COUPLING C125F 1.25""",5200,,44,exempt test,TRUE,,,,,,,,
180006-16,,"SPLIT COUPLING RC125F 1.25""",5200,,44,exempt test,TRUE,,,,,,,,
180006-17,,"SPLIT ADAPTER COUPLING C15F 1.5""",5200,,46,exempt test,TRUE,,,,,,,,
180006-18,,"SPLIT COUPLING RC15F 1.5""",5200,,46,exempt test,TRUE,,,,,,,,
180006-19,,"DUCT COUPLER METAL 4 BOLT W/SEAL 1.25"" DC-10-1.66",5200,,21,exempt test,TRUE,,,,,,,,
180006-2,,"1"" REVERSE THREAD COUPLER PN CT AS1315  | coupling",5500,,1070,exempt test,TRUE,,,,,,,,
180006-2,,"1"" REVERSE THREAD COUPLER PN CT AS1315  | coupling",5500,,484,exempt test,TRUE,,,,,,,,
180006-20,,"DUCT END CAP 1.25"" 20001738",5500,,346,exempt test,TRUE,,,,,,,,
180006-21,,18MM MICRODUCT COUPLING DUR-20001518 18/14MM,5700,,71,exempt test,TRUE,,,,,,,,
180006-3,,"COUPLING REVERSE THREAD ALUMINUM  1.25"" | coupler threaded as1.660",5500,,178,exempt test,TRUE,,,,,,,,
180006-4,,"COUPLER ALUMINUM SPLIT 1"" | coupling",5500,,31,exempt test,TRUE,,,,,,,,
180006-5,,"COUPLER ALUMINUM SPLIT 1.25"" | coupling",5500,,49,exempt test,TRUE,,,,,,,,
180006-6,,"1"" ALUMINUM PLOWDUCT BARBED COUPLER | coupling",5200,,867,exempt test,TRUE,,,,,,,,
180006-7,,"COUPLER ALUMINUM BARBED 1.25"" | coupling",5200,,1193,exempt test,TRUE,,,,,,,,
180006-8,,"1 1/4"" - 1 REDUCER DUCT COUPLING PVC | coupler",5200,,15,exempt test,TRUE,,,,,,,,
180006-9,,"1 1/2"" PLASTIC DUCT COUPLING | coupler",5200,,-1,exempt test,TRUE,,,,,,,,
180007-1,,"CABLE TIE BLUE/WHITE STRIPED 4""",5500,,3948,exempt test,TRUE,,,,,,,,
180007-10,,"CABLE TIE GRAY/RED 4""",5500,,1550,exempt test,TRUE,,,,,,,,
180007-11,,"WRITE ON CABLE TIES .25x.75x4"" PLM1M-C | marker",2500,,2600,exempt test,TRUE,,,,,,,,
180007-12,,"WRITE ON CABLE TIES 3x2x6"" TAG6a02-IVORY | marker write on",2500,,500,exempt test,TRUE,,,,,,,,
180007-13,,"CABLE TIE SOLID ORANGE, 8""",5500,,1500,exempt test,TRUE,,,,,,,,
180007-14,,"CABLE TIE SOLID BLUE 8""",5500,,4600,exempt test,TRUE,,,,,,,,
180007-15,,"CABLE TIE SOLID RED 8""",5500,,2600,exempt test,TRUE,,,,,,,,
180007-16,,"CABLE TIE SOLID BROWN 8""",5500,,648,exempt test,TRUE,,,,,,,,
180007-17,,"CABLE TIE SOLID GRAY 8"" T50R8C2",5500,,5550,exempt test,TRUE,,,,,,,,
180007-18,,"CABLE TIE SOLID GREEN 8""",5500,,3200,exempt test,TRUE,,,,,,,,
180007-19,,"CABLE TIE BLACK 7"" WE-TY525MX",5500,,28600,exempt test,TRUE,,,,,,,,
180007-2,,"CABLE TIE ORANGE/WHITE 4""",5500,,1698,exempt test,TRUE,,,,,,,,
180007-20,,"CABLE TIE W/SCREW HOLE 8"", WE-TY35MX",5500,,1598,exempt test,TRUE,,,,,,,,
180007-20,,"CABLE TIE W/SCREW HOLE 8"", WE-TY35MX",5500,,4500,exempt test,TRUE,,,,,,,,
180007-21,,"CABLE TIE WHITE .10x 8"" T18L9C2 | narrow",5500,,9100,exempt test,TRUE,,,,,,,,
180007-22,,"CABLE TIE BLACK 14"" WE-TY28MX",5500,,38000,exempt test,TRUE,,,,,,,,
180007-3,,"CABLE TIE GREEN/WHITE 4""",5500,,348,exempt test,TRUE,,,,,,,,
180007-4,,"CABLE TIE BROWN/WHITE 4""",5500,,1698,exempt test,TRUE,,,,,,,,
180007-5,,"CABLE TIE GRAY/WHITE 4""",5500,,1050,exempt test,TRUE,,,,,,,,
180007-6,,"CABLE TIE BLUE/RED 4""",5500,,450,exempt test,TRUE,,,,,,,,
180007-7,,"CABLE TIE ORANGE/RED 4""",5500,,1800,exempt test,TRUE,,,,,,,,
180007-8,,"CABLE TIE GREEN/RED 4""",5500,,500,exempt test,TRUE,,,,,,,,
180007-9,,"CABLE TIE BROWN/RED 4""",5500,,1800,exempt test,TRUE,,,,,,,,
180008-1,,"DUCT END PLUG 3/4""",5200,,50,exempt test,TRUE,,,,,,,,
180008-2,,"DUCT END PLUG 1""",5800,,78,exempt test,TRUE,,,,,,,,
180008-3,,"DUCT END PLUG  1 1/4""",5200,,192,exempt test,TRUE,,,,,,,,
180008-4,,"DUCT END PLUG 1 1/2""",5200,,58,exempt test,TRUE,,,,,,,,
180008-5,,"DUCT END PLUG 2""",5200,,43,exempt test,TRUE,,,,,,,,
180008-6,,"DUCT END PLUG 4""",5200,,52,exempt test,TRUE,,,,,,,,
180010-7,,ROXTEK RS 125 ROUND ENTRY SEAL 125-127mm,5400,,4,exempt test,TRUE,,,,,,,,
180011-1,,CAT5e 24 AWG Outdoor Cable UISP-CABLE-PRO,4400,,96,exempt test,TRUE,,,,,,,,
180011-10,,SHIELDED RJ45 Cat6 Cat6A PASS THROUGH CONNECTORS,3000,,1000,exempt test,TRUE,,,,,,,,
180011-10,,SHIELDED RJ45 Cat6 Cat6A PASS THROUGH CONNECTORS,3200,,4200,exempt test,TRUE,,,,,,,,
180011-2,,STATION WIRE CAT5E 1000' 51-240-31 | outdoor house wire / DO NOT USE PER RYAN,4400,,23,exempt test,TRUE,,,,,,,,
180011-3,,STATION WIRE CAT 6 BLUE 77-240-2AV | cat6,4400,,6000,exempt test,TRUE,,,,,,,,
180011-5,,S-20B JACK WIRE DISTRIBUTION POST,3200,,108,exempt test,TRUE,,,,,,,,
180011-6,,CONNECTOR CAT5/5E EZ-RJ45,3200,,2000,exempt test,TRUE,,,,,,,,
180011-7,,EASY RJ12/11 CONNECTOR 100026LTB,3200,,1500,exempt test,TRUE,,,,,,,,
180011-8,,CAT 6 OUTDOOR CABLE WITH MESSENGER,null,,6,exempt test,TRUE,,,,,,,,
180012-1,,3M PRIORITY CCT CAP 4314,5400,,360,exempt test,TRUE,,,,,,,,
180012-2,,3M SELF-STRIP PRIORITY CIRCUIT CAP (RED),5400,,840,exempt test,TRUE,,,,,,,,
180012-3,,3M CHECK COMB 4052T,5400,,4,exempt test,TRUE,,,,,,,,
180012-4,,3M RELABELING KIT 4396-RLK,5400,,26,exempt test,TRUE,,,,,,,,
180012-6,,"PORCELAIN WIRE HOLDER FOR 1.25 TO 3"" PIPE | mast 610",2800,,4,exempt test,TRUE,,,,,,,,
180012-7,,SERVICE MAST BRACKET MACLEAN J0590 | weatherhead,2800,,41,exempt test,TRUE,,,,,,,,
180013-1,,"MOUNTING HARDWARE METAL BDO4 36"" STAKE",5400,,19,exempt test,TRUE,,,,,,,,
180013-3,,"CI 36"" STAKE  ",null,,289,exempt test,TRUE,,,,,,,,
180013-4,,"MOUNTING HARDWARE FOR CI 36"" STAKE",5200,,36,exempt test,TRUE,,,,,,,,
180013-4,,"MOUNTING HARDWARE FOR CI 36"" STAKE",null,,1,exempt test,TRUE,,,,,,,,
180013-5,,RAINBOW GRAVEL 17.17LB | rocks bag,null,,64,exempt test,TRUE,,,,,,,,
180014-1,,OPEN GEAR LUBRICANT,1700,,5,exempt test,TRUE,,,,,,,,
180014-2,,WD-40 PENETRATING LUBRICANT | wd40,1800,,26,exempt test,TRUE,,,,,,,,
180014-6,,Perfect Vision Silicone Sealant 3Oz (Boss 315 Clear),1700,,6,exempt test,TRUE,,,,,,,,
180014-6,,Perfect Vision Silicone Sealant 3Oz (Boss 315 Clear),1700,,14,exempt test,TRUE,,,,,,,,
180015-1,,GEL OFF PLUS RAINBOW P/N 87042,1700,,12,exempt test,TRUE,,,,,,,,
180015-2,,BIG ORANGE HEAVY DUTY CLEANER ZEP P/N 0114,1700,,6,exempt test,TRUE,,,,,,,,
180015-3,,ZEP DYNAMO CIRCUIT BOARD CLEANER,1700,,8,exempt test,TRUE,,,,,,,,
180015-4,,ZEP 40 NON-STREAKING CLEANER | glass whiteboard,1700,,6,exempt test,TRUE,,,,,,,,
180018-1,,"CADWELD ONE SHOT #3 - #4 SOLID TO 1/2"" GRD 1-WAY",5500,,10,exempt test,TRUE,,,,,,,,
180018-2,,"CADWELD ONE SHOT #3 - #4 SOLID TO 1/2"" GRD 2-WAY",5500,,39,exempt test,TRUE,,,,,,,,
180018-4,,"CADWELD ONE SHOT #3 - #4 SOLID TO 1/2"" GRD 4-WAY",5500,,50,exempt test,TRUE,,,,,,,,
180019-1,,UBNT UB-AM UNIVERSAL ANTENNA MOUNT | pole,null,,385,exempt test,TRUE,,,,,,,,
180019-2,,SHIELDED EZ-RJ45 FOR CAT5e CAT6 105020,3200,,4500,exempt test,TRUE,,,,,,,,
180019-3,,LightSaber Optics CAT5E STP Shielded w/ESD Hook 8P8C Connector,3200,,900,exempt test,TRUE,,,,,,,,
180021-1,,SNAKE BAIT DR T's SNAKE-A-WAY #78990,1800,,21,exempt test,TRUE,,,,,,,,
180039-2,,MARKING PAINT WHITE,1700,,84,exempt test,TRUE,,,,,,,,
180039-3,,GRAY-GREEN TOUCH-UP ENAMEL FOR OSP EQUIPMENT | paint,1700,,12,exempt test,TRUE,,,,,,,,
180039-4,,PRUNING SEAL HG-69000-3,1800,,67,exempt test,TRUE,,,,,,,,
180040-1,,FIBER OPTIC WARNING WRAP 2 X 2 (ORANGE) | wraps tubes tags small snap around,1900,,1700,exempt test,TRUE,,,,,,,,
180040-2,,"FIBER OPTIC CBL WARNING WRAP, 4x3.75"" | wraps tubes tags  small snap around",1900,,275,exempt test,TRUE,,,,,,,,
180040-3,,"FIBER OPTIC CBL WARNING WRAP, 5.75x3.25"" | wraps tubes tags medium snap around",1900,,1400,exempt test,TRUE,,,,,,,,
180040-4,,"WARNING CABLE WRAP 7""x7"" | wraps tubes tags large",1900,,2375,exempt test,TRUE,,,,,,,,
180040-5,,"2X2 CABLE WARNING WRAP ""CUSTOMER OWNED""",1900,,1049,exempt test,TRUE,,,,,,,,
180040-6,,"""LINE POWERED PAIRS"" CABLE WRAP | wraps tubes tags",1900,,350,exempt test,TRUE,,,,,,,,
180041-3,,PUSHABLE SC/APC FIBER JUMPER SCAPC SCAPC SMF G657A2 Simplex LSZH UV stable 3mm 80ft reel CAB-SCA-SCAG657A2SIM80F-RL-DLO,7200,,66,exempt test,TRUE,,,,,,,,
1800MISC,,TWELVE PAIR LOAD COILS,5400,,7,exempt test,TRUE,,,,,,,,
180101-20,,"TREATED HARDWOOD PLUGS 11/16"" x 3""",null,,550,exempt test,TRUE,,,,,,,,
180106-1,,STAINLESS BANDING BULK M1-1/4-201-SSB-100 | aluma-form alumaform band-it,1500,,4,exempt test,TRUE,,,,,,,,
180106-10,,STRAP KIT FOR ALUMA-FORM CSO SYSTEM STK-3 | aluma-form alumaform,1500,,10,exempt test,TRUE,,,,,,,,
180106-11,,STRAP KIT FOR ALUMA-FORM CSO SYSTEM STK-3.5 | aluma-form alumaform,1500,,10,exempt test,TRUE,,,,,,,,
180106-12,,STRAP KIT FOR ALUMA-FORM CSO SYSTEM STK-4 | aluma-form alumaform,1500,,10,exempt test,TRUE,,,,,,,,
180106-13,,CABINET MOUNTING BRACKET T-SLOT 4WT-36 INCH | aluma-form alumaform 4wt36,1600,,13,exempt test,TRUE,,,,,,,,
180106-2,,"BUCKLES FOR STAINLESS BANDING 1.25"" H-BAND-G44299 | aluma-form alumaform band-it",1500,,56,exempt test,TRUE,,,,,,,,
180106-3,,"BUCKLES FOR STAINLESS BANDING 1.25"" BAB-58 | aluma-form alumaform band-it",1500,,107,exempt test,TRUE,,,,,,,,
180106-4,,STEEL POLE MOUNTING BRKT HDBB-1511-H3H,1500,,109,exempt test,TRUE,,,,,,,,
180106-5,,STAINLESS BANDING SERVICE DROP BSD-38,1500,,11,exempt test,TRUE,,,,,,,,
180106-6,,CONDUIT STANDOFF BRACKETS 6-CSO-12 2-WAY | aluma-form alumaform,1500,,16,exempt test,TRUE,,,,,,,,
180106-7,,"PRE-CUT EXTRUSTION BANDS SINGLE 36"" | aluma-form alumaform",1500,,13,exempt test,TRUE,,,,,,,,
180106-8,,STRAP KIT FOR ALUMA-FORM CSO SYSTEM STK-2 | aluma-form alumaform,1500,,4,exempt test,TRUE,,,,,,,,
180106-9,,STRAP KIT FOR ALUMA-FORM CSO SYSTEM STK-2.5 | aluma-form alumaform,1500,,10,exempt test,TRUE,,,,,,,,
180212-1,,OI BD 2L LOCATE PED OPT6-6 6ft | bd2l sip tall,null,,69,exempt test,TRUE,,,,,,,,
180212-1.1,,OI BD 2L 6 POSITION TEST STATION KIT | bd2l sip,null,,79,exempt test,TRUE,,,,,,,,
180212-2,,MARKER 6' PVC POST ORANGE DECAL 6 POSITION FLOAT GROUND BAR 0PT6P6 | bd2l sip tall,null,,60,exempt test,TRUE,,,,,,,,
180300-1,,"PLATE LIFT & LOAD, 5/8"" 7897",1400,,267,exempt test,TRUE,,,,,,,,
180300-10,,CLAMP CABLE SUSPENSION 3 BOLT J1096 F614514 | straight,1400,,271,exempt test,TRUE,,,,,,,,
180300-11,,"CLAMP 5/8"" CURVED SUSP. J7901A",1400,,240,exempt test,TRUE,,,,,,,,
180300-12,,"""C"" SPAN CLAMP 27-00869 | midspan mid span",1400,,160,exempt test,TRUE,,,,,,,,
180300-13,,SPAN CLAMP EM8011 | midspan mid span,1400,,196,exempt test,TRUE,,,,,,,,
180300-14,,"PN 26-09010 ""D"" LASHING CLAMP | bug nut bugnut",1400,,1640,exempt test,TRUE,,,,,,,,
180300-15,,"CABLE LASHING CLAMP ""E"" 26-09020 | bug nut bugnut wingdings",1400,,1735,exempt test,TRUE,,,,,,,,
180300-16,,CLAMP LASH/STRAND EM5006 | combo,1400,,113,exempt test,TRUE,,,,,,,,
180300-17,,TAP CLAMP 438 ALC 438ALC F041910 | strand aframe a-frame ground,1400,,900,exempt test,TRUE,,,,,,,,
180300-18,,"DRIVE HOOK 7/16"" J3316P | j hook",1400,,3366,exempt test,TRUE,,,,,,,,
180300-19,,"POLE STAPLES 2"" J-172 | u nails",1400,,2400,exempt test,TRUE,,,,,,,,
180300-2,,"DROP WIRE CLAMP 2 PAIR ""P"" | p clamp",1400,,1518,exempt test,TRUE,,,,,,,,
180300-20,,LASHING WIRE .045 x 1200' ROLL,1600,,127,exempt test,TRUE,,,,,,,,
180300-3,,"DROP WIRE CLAMP 2 PAIR ""P"" (Black) | p clamp",1400,,2208,exempt test,TRUE,,,,,,,,
180300-4,,"DROP WIRE CLAMP, 6 PAIR ""P"" | p clamp",1400,,1748,exempt test,TRUE,,,,,,,,
180300-5,,ANCHOR AUXILLARY EYE AE155 F410080 | piggy back,1400,,83,exempt test,TRUE,,,,,,,,
180300-6,,D W SUSPENSION CLAMP 28-09610,1400,,63,exempt test,TRUE,,,,,,,,
180300-7,,CLAMP C CABLE PA422,1400,,27,exempt test,TRUE,,,,,,,,
180300-8,,CLAMP GUY 3-BOLT J931,1400,,61,exempt test,TRUE,,,,,,,,
180300-9,,AERIAL MESSENGER CLAMP P294 | mickey mouse ear,1400,,71,exempt test,TRUE,,,,,,,,
180301-1,,APEX AFRS KIT USED FOR LOOSE TUBE CABLE IN LG-600 CLOSURE AX-KIT-AFRSLT,8100,,25,exempt test,TRUE,,,,,,,,
180428-1,,FS SPLICE TRAY 2 X 12 FIBER,10000,,171,exempt test,TRUE,,,,,,,,
180501-2,,REPLACEMENT COVER FOR TYCO B FOSC-ACC-B-DOME-450,3700,,20,exempt test,TRUE,,,,,,,,
180501-2,,REPLACEMENT COVER FOR TYCO B FOSC-ACC-B-DOME-450,3800,,28,exempt test,TRUE,,,,,,,,
180501-4,,REPLACEMENT COVER FOR TYCO D FOSC-ACC-D-DOME-450-400,null,,48,exempt test,TRUE,,,,,,,,
180700-1,,Tarana 5M Outdoor Shielded Power Cable 33-0004-005,null,,4,exempt test,TRUE,,,,,,,,
180700-10,,FHD Blanking Fiber Adapter Panel FHD-FAPB,null,,11,exempt test,TRUE,,,,,,,,
180700-11,,"SITE PRO STACKABLE STRAP-IN HANGERS (1/5/8"") 185SS-A",3000,,12,exempt test,TRUE,,,,,,,,
180700-12,,"SITE PRO UNIVERSAL BARREL CUSHIONS (1/5/8"") BCU158X",3000,,10,exempt test,TRUE,,,,,,,,
180700-13,,"SITE PRO TRAPBOX 3.25""X1.5""X1.5"" SS TRAPEZOID SNAP IN BOX  3/4"" HOLES TRAP3",3000,,9,exempt test,TRUE,,,,,,,,
180700-14,,"STAINLESS BANDING 1/2""X 100'",3000,,901,exempt test,TRUE,,,,,,,,
180700-15,,"SITE PRO VALMONT STAINLESS BANDING 1/2""X 100' .03"" THICK, STAMPED FOOT MARKERS, IN DISPENSER CARTON BA204",3000,,8,exempt test,TRUE,,,,,,,,
180700-18,,TOWER STANDOFF BRACKETS,3000,,4,exempt test,TRUE,,,,,,,,
180700-19,,TWO HOLE COMPRESSION LUGS HL610-B,3000,,5,exempt test,TRUE,,,,,,,,
180700-2,,Tarana RN Mounting Kit PN 34-0027-001,null,,33,exempt test,TRUE,,,,,,,,
180700-3,,Tarana RN PoE Injector PN 44-0017-001,null,,82,exempt test,TRUE,,,,,,,,
180700-3.1,,TARANA WIRELESS PoE INJECTOR 44-0027-001 (for New Hybrid 5GHz RN & 6GHz RN Only),null,,35,exempt test,TRUE,,,,,,,,
180700-4,,Tarana RN Power Cord US PN 50-0012-001,null,,39,exempt test,TRUE,,,,,,,,
180700-4.1,,POWER CORD NEMA 5-15P TO C13 3FT,null,,30,exempt test,TRUE,,,,,,,,
180700-5,,"WALL MOUNT EASY UP 4""",8100,,56,exempt test,TRUE,,,,,,,,
180700-6,,TARANA CYCLONE 6 FT PWR CORD  CYG-CPCNAC13-6FT,null,,79,exempt test,TRUE,,,,,,,,
180700-7,,1.5m LC UPC 12 FIBERS OS2 SINGLE MODE FS12SM-LCU-BP-1.5M-PVC,null,,5,exempt test,TRUE,,,,,,,,
180700-8,,24 FIBERS OPTICAL SPLICE TRAY FOR FHD RACK MOUNT FIBER ENCLOSURE | 24f,null,,3,exempt test,TRUE,,,,,,,,
180701-10,,"POE INJECTOR 48VDC 24W GBIT
POE-48-24W-G",null,,20,exempt test,TRUE,,,,,,,,
180701-11,,LightSaber Cat6 23AWG Shielded CABLE LSO-ODA-CAT6/SM-LC2F-1000FT,null,,1,exempt test,TRUE,,,,,,,,
180701-12,,"CAT6a 26AWG S/FTP CM Patch Cord,  White 6”, Snagless 88221",null,,20,exempt test,TRUE,,,,,,,,
180701-13,,"CAT6a 26AWG S/FTP CM Patch Cord,  White 1', Snagless 88222",null,,20,exempt test,TRUE,,,,,,,,
180701-14,,"CAT6a 26AWG S/FTP CM Patch Cord,  White 3', Snagless 88224",null,,3,exempt test,TRUE,,,,,,,,
180701-15,,CAT6 PATCH CORD ETHERNET CABLE 7ft,null,,140,exempt test,TRUE,,,,,,,,
180701-16,,CLIP-ON GROUND KIT GK-C78T,null,,4,exempt test,TRUE,,,,,,,,
180701-17,,LACE-UP HOISTING GRIPS HG-78,null,,2,exempt test,TRUE,,,,,,,,
180701-18,,"SNAP HANGER, STACKABLE FOR 7/8"" CORRUGATED COAX SH-S78",null,,5,exempt test,TRUE,,,,,,,,
180701-2,,TYCON POWER 48VDC OUT 16.8W DC to DC TP-DCDC-4848GD,null,,19,exempt test,TRUE,,,,,,,,
180701-2.1,,TYCON POWER POE-INJECTOR-SPLITTER 5-58VDC 130W 4 Pair 1000-WTx,8100,,8,exempt test,TRUE,,,,,,,,
180701-22,,"POWER JUMBER, 2x14AWG, SHIELDED, HARTING POWER CONNECTOR, 10M PWR-216-SH-HRTC-M10",null,,7,exempt test,TRUE,,,,,,,,
180701-3,,TELEMETRY CABLE 4FT PS7P8M-C,3700,,105,exempt test,TRUE,,,,,,,,
180701-3,,TELEMETRY CABLE 4FT PS7P8M-C,8100,,193,exempt test,TRUE,,,,,,,,
180701-4,,POWERTEC MICRO UPS POWER SUPPLY PS36L-U7-2 12V 36W,8100,,193,exempt test,TRUE,,,,,,,,
180701-4.1,,MICRO UPS POWER SUPPLY ADDITIONAL BATTERY PS36L-EX-2,8100,,34,exempt test,TRUE,,,,,,,,
180701-4.2,,MICRO UPS POWER SUPPLY TRIPPLE BACK PLATE PSBPL-3,8100,,13,exempt test,TRUE,,,,,,,,
180701-5,,MICRO UPS POWER SUPPLY PS75SP-P7-48,8100,,7,exempt test,TRUE,,,,,,,,
180701-6,,TYCON POWER GIGABIT PoE INJECTOR/SPLITTER,null,,2,exempt test,TRUE,,,,,,,,
180702-1,,"RS485 TPDIN to MPPT INTERFACE CABLE 48""",null,,1,exempt test,TRUE,,,,,,,,
180702-2,,PLC Splitter ABS Module 1x32 SC/ UPC 1.5M Tails,null,,-1,exempt test,TRUE,,,,,,,,
180702-2,,PLC Splitter ABS Module 1x32 SC/ UPC 1.5M Tails,null,,10,exempt test,TRUE,,,,,,,,
180703-1,,"FLEXNAP TETHER REPAIR KIT SINGLE-MODE, NON-PINNED OPTITIP ANYLAN-RK-SMNP",9100,,2,exempt test,TRUE,,,,,,,,
180704-1,,Polyphaser 48VDC Surge Arrestor IX-DC48,8100,,19,exempt test,TRUE,,,,,,,,
180704-2,,Polyphaser 48VDC Surge Arrestor Module IX-10DC48,8100,,31,exempt test,TRUE,,,,,,,,
180705-2,,SPLICE SLEEVE RIBBON SMOUV-1120-R2/12/02,7000,,2900,exempt test,TRUE,,,,,,,,
180705-3,,SPLICE SLEEVE 60MM DH-1-60MM,7000,,32299,exempt test,TRUE,,,,,,,,
180705-4,,SPLICE SLEEVE SHORT 2170,7000,,1200,exempt test,TRUE,,,,,,,,
180705-5,,SPLICE SLEEVES 60MM,7000,,11549,exempt test,TRUE,,,,,,,,
180705-6,,SPLICE SLEEVE RIBBON 40MM S003027 FP-05 | fujikura,7000,,3540,exempt test,TRUE,,,,,,,,
180705-7,,DOME SLEEVE FOSC-ACC-DOMEWRAP-A/B/BS 232422-000,3800,,12,exempt test,TRUE,,,,,,,,
180705-8,,DOME SLEEVE FOSC-ACC-DOMEWRAP-C/D 472956-000,3800,,11,exempt test,TRUE,,,,,,,,
180705-9,,"CONNECTOR NO POLISH
SCA/FS/250UM/900UM NPCP-SCA-48",7200,,1008,exempt test,TRUE,,,,,,,,
180706-1,,CISCO 10G SFP+ 1310 LR I-TEMP LASER,7900,,11,exempt test,TRUE,,,,,,,,
180706-2,,10G SFP+ 850nm SR I-Temp Laser,7900,,19,exempt test,TRUE,,,,,,,,
180706-3,,UBNT 10G SFP+ 1310 SM UACC-OM-SM-10G-D-2,7900,,10,exempt test,TRUE,,,,,,,,
180706-4,,UBNT 1G  SFP RJ45,null,,6,exempt test,TRUE,,,,,,,,
180706-4,,UBNT 1G  SFP RJ45,7900,,2,exempt test,TRUE,,,,,,,,
180706-5,,SO COPPER 1G SFP I TEMP SFP-GE-T-I-SO,7900,,7,exempt test,TRUE,,,,,,,,
180706-8,,CYCLONE SFP+ 10GB-LR TRANSCEIVER SINGLE MODE (SMF) CYG-SFPP-10GLRI,7900,,24,exempt test,TRUE,,,,,,,,
180707-1,,FIBER OPTICAL ATTENUATOR 5 DB LC/UPC SINGLEMODE,7900,,84,exempt test,TRUE,,,,,,,,
180707-3,,FIBER OPTICAL ATTENUATOR 10 DB LC/UPC SINGLEMODE,7900,,96,exempt test,TRUE,,,,,,,,
180707-4,,FIBER OPTICAL ATTENUATOR 15 DB LC/UPC SINGLEMODE,7900,,16,exempt test,TRUE,,,,,,,,
180707-5,,FIBER OPTICAL ATTENUATOR 5 DB SC/UPC SINGLEMODE,7900,,63,exempt test,TRUE,,,,,,,,
180707-8,,FIBER OPTICAL ATTENUATOR 15 DB SC/UPC SINGLEMODE,7900,,18,exempt test,TRUE,,,,,,,,
180732-1,,"FIBER JUMPERS 1.5M SC/APC PIGTAIL CS012973C-001.5 ASC,XX, JH Q,001.5",9700,,917,exempt test,TRUE,,,,,,,,
180732-2,,12 Fiber Pigtail 1.5M SC APC   FS.COM,null,,19,exempt test,TRUE,,,,,,,,
180733-1,,AFL SLIM-LINE FIBER SPLICE TRAY,9700,,298,exempt test,TRUE,,,,,,,,
180801-1,,CARRIAGE BOLT COURSE THREAD 1/4,5700,,6,exempt test,TRUE,,,,,,,,
180801-10,,"SCREW PAN HEAD PHILIPS #10 X 1""",6600,,11,exempt test,TRUE,,,,,,,,
180801-11,,"SHEET METAL SCREW #10 x 1.5"" 2WS10112",6600,,2200,exempt test,TRUE,,,,,,,,
180801-12,,"SCREW SHEET METAL PAN HEAD #10 x 2""",6600,,6,exempt test,TRUE,,,,,,,,
180801-13,,"SCREW SHEET METAL PAN HEAD #12 X 1""",6600,,47,exempt test,TRUE,,,,,,,,
180801-14,,"SCREW SHEET METAL PAN HEAD #12 x 1.5""",6600,,4,exempt test,TRUE,,,,,,,,
180801-15,,"SCREW SHEET METAL PAN HEAD #12 X 2""",6600,,18,exempt test,TRUE,,,,,,,,
180801-16,,"SCREW SHEET METAL PAN HEAD #14 X 1""",6600,,1,exempt test,TRUE,,,,,,,,
180801-17,,"SCREW SHEET METAL PAN HEAD #14 x 1.5"" | 2ws14112",6600,,11,exempt test,TRUE,,,,,,,,
180801-18,,"SAXXIT CABLE CLIP W/PREINSERTED #8X1""",6600,,-238,exempt test,TRUE,,,,,,,,
180801-19,,SCREW SHEET METAL HEX HEAD #6 X 1,6600,,4700,exempt test,TRUE,,,,,,,,
180801-2,,NUT SERRATED FLANGE COURSE THREAD 1/4,5700,,3,exempt test,TRUE,,,,,,,,
180801-20,,SCREW SHEET METAL HEX HEAD #8 X 1,6600,,2600,exempt test,TRUE,,,,,,,,
180801-21,,"SCREW SELF-TAPPING WAFER HEAD SHEET METAL SCREW #8 x 1""",6600,,53,exempt test,TRUE,,,,,,,,
180801-22,,"DRYWALL SCREW #6 x 1"" || 1 inch drywall screws",6600,,800,exempt test,TRUE,,,,,,,,
180801-24,,"MASONRY SCREW 3/16 x 1.25"" CSH1F | concrete tapcon",6600,,4299,exempt test,TRUE,,,,,,,,
180801-25,,"MASONRY SCREW 3/16 x  1.75"" CSH2F | concrete tapcon",6600,,2409,exempt test,TRUE,,,,,,,,
180801-28,,"ROUND PHILLIP SCREW 6-32 x 2""",1900,,900,exempt test,TRUE,,,,,,,,
180801-3,,"SCREW SHEET METAL PAN HEAD #6 X 1.5""",6600,,11,exempt test,TRUE,,,,,,,,
180801-4,,"SCREW SHEET METAL PAN HEAD #6 X 2""",6600,,10,exempt test,TRUE,,,,,,,,
180801-6,,"SCREW SHEET METAL PAN HEAD #8 X 1.5""",6600,,33,exempt test,TRUE,,,,,,,,
180801-7,,"SCREW SHEET METAL PAN HEAD #8 X 2""",6600,,5,exempt test,TRUE,,,,,,,,
180801-9,,"SCREW SHEET METAL PAN HEAD #10 X 0.75""",6600,,700,exempt test,TRUE,,,,,,,,
180803-1,,COPPER LUG #6 1 HOLE 90DEG CRIMP-ON 54105U,2400,,300,exempt test,TRUE,,,,,,,,
180803-2,,TERMINAL SCREW-ON #6 OR #10 EM2610BH,2400,,1688,exempt test,TRUE,,,,,,,,
180816-1,,"CADWELD ONE SHOT #3 - #4 SOLID TO 5/8"" GRD 1-WAY",5700,,94,exempt test,TRUE,,,,,,,,
180816-3,,"CADWELD ONE SHOT  #3 - #4 SOLID TO 5/8"" GRD 3-WAY",5700,,21,exempt test,TRUE,,,,,,,,
180816-4,,"CADWELD ONE SHOT  #3 - #4 SOLID TO 5/8"" GRD 4-WAY",5700,,18,exempt test,TRUE,,,,,,,,
180816-5,,"HAMMERLOCK CONNECTOR FOR #6 BARE WIRE TO 5/8"" GROUND ROD EHL58G1K",5500,,17,exempt test,TRUE,,,,,,,,
180817-1,,"CADWELD ONE SHOT #6 TO 1/2"" GRD 1-WAY",5700,,78,exempt test,TRUE,,,,,,,,
180817-2,,"CADWELD ONE SHOT#6 TO 1/2"" GRD 2-WAY",5700,,59,exempt test,TRUE,,,,,,,,
180817-3,,"CADWELD ONE SHOT #6 TO 1/2"" GRD 3-WAY",5700,,14,exempt test,TRUE,,,,,,,,
180817-4,,"CADWELD ONE SHOT #6 TO 1/2"" GRD 4-WAY",5700,,64,exempt test,TRUE,,,,,,,,
180817-5,,HAMMERLOCK GROUND CLAMP ?,5700,,205,exempt test,TRUE,,,,,,,,
180819-1,,PD BURIED CABLE WARNING DECAL | hctc sticker label,5400,,11108,exempt test,TRUE,,,,,,,,
180819-1,,PD BURIED CABLE WARNING DECAL | hctc sticker label,null,,1,exempt test,TRUE,,,,,,,,
180819-2,,CLAMP OR WIRE LABEL | hctc label,2600,,2100,exempt test,TRUE,,,,,,,,
180820-,,"PEDESTAL DECAL NUMBERS & LETTERS "" """,5400,,2624,exempt test,TRUE,,,,,,,,
180820--,,"PEDESTAL DECAL NUMBERS & LETTERS ""-""",5400,,1675,exempt test,TRUE,,,,,,,,
180820-0,,"PEDESTAL DECAL NUMBERS & LETTERS ""O 0""",5400,,2375,exempt test,TRUE,,,,,,,,
180820-1,,"PEDESTAL DECAL NUMBERS & LETTERS ""1""",5400,,1175,exempt test,TRUE,,,,,,,,
180820-10,,"HCTC NAME PLATE INSERT FOR HANDHOLE ""HCTC"" DROP IN LOGO",5400,,100,exempt test,TRUE,,,,,,,,
180820-2,,"PEDESTAL DECAL NUMBERS & LETTERS ""2""",5400,,525,exempt test,TRUE,,,,,,,,
180820-3,,"PEDESTAL DECAL NUMBERS & LETTERS ""3""",5400,,950,exempt test,TRUE,,,,,,,,
180820-4,,"PEDESTAL DECAL NUMBERS & LETTERS ""4""",5400,,1175,exempt test,TRUE,,,,,,,,
180820-5,,"PEDESTAL DECAL NUMBERS & LETTERS ""5""",5400,,3550,exempt test,TRUE,,,,,,,,
180820-6,,"PEDESTAL DECAL NUMBERS & LETTERS ""6 9""",5400,,3950,exempt test,TRUE,,,,,,,,
180820-7,,"PEDESTAL DECAL NUMBERS & LETTERS ""7""",5400,,3850,exempt test,TRUE,,,,,,,,
180820-8,,"PEDESTAL DECAL NUMBERS & LETTERS ""8""",5400,,4325,exempt test,TRUE,,,,,,,,
180820-A,,"PEDESTAL DECAL NUMBERS & LETTERS ""A""",5400,,950,exempt test,TRUE,,,,,,,,
180820-B,,"PEDESTAL DECAL NUMBERS & LETTERS ""B""",5400,,825,exempt test,TRUE,,,,,,,,
180820-C,,"PEDESTAL DECAL NUMBERS & LETTERS ""C""",5400,,1075,exempt test,TRUE,,,,,,,,
180820-D,,"PEDESTAL DECAL NUMBERS & LETTERS ""D""",5400,,700,exempt test,TRUE,,,,,,,,
180820-E,,"PEDESTAL DECAL NUMBERS & LETTERS ""E""",5400,,550,exempt test,TRUE,,,,,,,,
180820-F,,"PEDESTAL DECAL NUMBERS & LETTERS ""F""",5400,,925,exempt test,TRUE,,,,,,,,
180820-G,,"PEDESTAL DECAL NUMBERS & LETTERS ""G""",5400,,675,exempt test,TRUE,,,,,,,,
180820-H,,"PEDESTAL DECAL NUMBERS & LETTERS ""H""",5400,,475,exempt test,TRUE,,,,,,,,
180820-I,,"PEDESTAL DECAL NUMBERS & LETTERS ""I""",5400,,1300,exempt test,TRUE,,,,,,,,
180820-J,,"PEDESTAL DECAL NUMBERS & LETTERS ""J""",5400,,800,exempt test,TRUE,,,,,,,,
180820-K,,"PEDESTAL DECAL NUMBERS & LETTERS ""K""",5400,,625,exempt test,TRUE,,,,,,,,
180820-KIT,,PED DECAL #S & LETTERS KIT YELLOW | stencil,5400,,22,exempt test,TRUE,,,,,,,,
180820-L,,"PEDESTAL DECAL NUMBERS & LETTERS ""L""",5400,,650,exempt test,TRUE,,,,,,,,
180820-M,,"PEDESTAL DECAL NUMBERS & LETTERS ""M""",5400,,600,exempt test,TRUE,,,,,,,,
180820-N,,"PEDESTAL DECAL NUMBERS & LETTERS ""N""",5400,,225,exempt test,TRUE,,,,,,,,
180820-P,,"PEDESTAL DECAL NUMBERS & LETTERS ""P""",5400,,800,exempt test,TRUE,,,,,,,,
180820-Q,,"PEDESTAL DECAL NUMBERS & LETTERS ""Q""",5400,,775,exempt test,TRUE,,,,,,,,
180820-R,,"PEDESTAL DECAL NUMBERS & LETTERS ""R""",5400,,1175,exempt test,TRUE,,,,,,,,
180820-S,,"PEDESTAL DECAL NUMBERS & LETTERS ""S""",5400,,750,exempt test,TRUE,,,,,,,,
180820-T,,"PEDESTAL DECAL NUMBERS & LETTERS ""T""",5400,,850,exempt test,TRUE,,,,,,,,
180820-U,,"PEDESTAL DECAL NUMBERS & LETTERS ""U""",5400,,650,exempt test,TRUE,,,,,,,,
180820-V,,"PEDESTAL DECAL NUMBERS & LETTERS ""V""",5400,,700,exempt test,TRUE,,,,,,,,
180820-W,,"PEDESTAL DECAL NUMBERS & LETTERS ""W""",5400,,550,exempt test,TRUE,,,,,,,,
180820-X,,"PEDESTAL DECAL NUMBERS & LETTERS ""X""",5400,,650,exempt test,TRUE,,,,,,,,
180820-Y,,"PEDESTAL DECAL NUMBERS & LETTERS ""Y""",5400,,775,exempt test,TRUE,,,,,,,,
180820-Z,,"PEDESTAL DECAL NUMBERS & LETTERS ""Z""",5400,,850,exempt test,TRUE,,,,,,,,
180822-1,,STRAW WATTLE FOR EROSION CONTROL,null,,40,exempt test,TRUE,,,,,,,,
180822-3,,"WTAKE WOODEN PINE 18""",null,,2,exempt test,TRUE,,,,,,,,
180OFF,,LIQUID PAPER 56301 CORRECTION FLUID,null,,7,exempt test,TRUE,,,,,,,,
181000-1,,PN G4BK-03 FLEX CLIP 3mm  | flex fiber,67000,,2700,exempt test,TRUE,,,,,,,,
181201-1,,UNIVERSAL CONNECTOR 25P 4151-0002,2900,,70,exempt test,TRUE,,,,,,,,
181319-1,,TELESCOPING MAST 28FT TM30,null,,12,exempt test,TRUE,,,,,,,,
181319-3,,"LIGHT SABER 1.5"" HD WALL MOUNT BRACKET LSO-WMB8-HD",8100,,66,exempt test,TRUE,,,,,,,,
181319-4,,HEAVY DUTY ADJUSTABLE EAVE MOUNT EZ31,9500,,26,exempt test,TRUE,,,,,,,,
181319-5,,POLE MOUNT BRACKET FOR GIGAPRO GPR2032H 100-05837,8100,,4,exempt test,TRUE,,,,,,,,
181319-6,,WALL MOUNT BRACKET FOR GIGAPRO GPR2032H 100-05833,8100,,4,exempt test,TRUE,,,,,,,,
181400-10,,VERACOM UR2 CONNECTOR UR2 | buttons ,8900,,70200,exempt test,TRUE,,,,,,,,
181620-1,,F-81 KEYSTONE SC-APC-UPC ADAPTER WHITE 60AAWP | jack,7000,,340,exempt test,TRUE,,,,,,,,
181900-1,,BATTERY BREAKER 60 AMP DC 470-346-10,10300,,1,exempt test,TRUE,,,,,,,,
181900-2,,BATTERY BREAKER 50 AMP DC 470-311-10,10300,,9,exempt test,TRUE,,,,,,,,
181901-1,,"CONDUIT CONNECTOR FLEXABLE WATER TIGHT NON-METALLIC 1.25""",null,,22,exempt test,TRUE,,,,,,,,
181901-2,,"CONDUIT CONNECTOR FLEXABLE WATER TIGHT NON-METALLIC 1.00""",null,,36,exempt test,TRUE,,,,,,,,
181901-3,,"CONDUIT CONNECTOR FLEXABLE WATER TIGHT NON-METALLIC 0.75""",null,,86,exempt test,TRUE,,,,,,,,
1820MISC,,CHARLES INDUSTRIES ONE PAIR SMART COILS,5600,,39,exempt test,TRUE,,,,,,,,
1830MISC,,KEPTEL 90358 Grounding Bar Kit,5100,,44,exempt test,TRUE,,,,,,,,
1830OFF,,COMPRESSED GAS DUSTER,11100,,14,exempt test,TRUE,,,,,,,,
1840OSP,,FIBER OPTIC CABLE LUBRICANT-1QT F-35,null,,48,exempt test,TRUE,,,,,,,,
1844MISC,,2470 SERIES GAS DISCHARGE TUBE PROTECTOR 5 PIN YELLOW,3300,,500,exempt test,TRUE,,,,,,,,
1845MISC,,CIRCA 5 PIN SOLID STATE PROTECTOR MODULE,3300,,885,exempt test,TRUE,,,,,,,,
1850MISC,,5 PIN SOLID STATE PROTECTOR MODULE,3300,,2266,exempt test,TRUE,,,,,,,,
1850OSP,,3M MULTIPURPOSE GEL CABLE LUBRICANT GAL CL-MPG-1,1900,,8,exempt test,TRUE,,,,,,,,
1851MISC,,JUMPER WIRE CAT5 VIOLET/BLUE 02-362-23,3300,,85198,exempt test,TRUE,,,,,,,,
1852MISC,,5-PIN MULTI-STAGE PROTECTOR ORANGE,3100,,1432,exempt test,TRUE,,,,,,,,
1853MISC,,CALIX 5-PIN PROTECTION MODULE,3100,,100,exempt test,TRUE,,,,,,,,
1854MISC,,JUMPER WIRE 1PR RED/WHITE 24AWG 0312059PT,3100,,13600,exempt test,TRUE,,,,,,,,
1879DPC,,DROP WIRE AERIAL SEA 2X22 12-004-08 750FT | pair,4500,,31,exempt test,TRUE,,,,,,,,
1880DPC,,TELEPHONE DROP WIRE 6 PAIR 400FT HAND COIL 2090014,4500,,8,exempt test,TRUE,,,,,,,,
1880OFF,,"POST-IT, 1 1/2 x 2"", MMM653YW",11100,,111,exempt test,TRUE,,,,,,,,
1881DPC,,TELEPHONE DROP WIRE 6x22 1000FT 2090051,null,,198,exempt test,TRUE,,,,,,,,
1881DPC,,TELEPHONE DROP WIRE 6x22 1000FT 2090051,null,,120,exempt test,TRUE,,,,,,,,
1881DPC,,TELEPHONE DROP WIRE 6x22 1000FT 2090051,null,,122,exempt test,TRUE,,,,,,,,
1881DPC,,TELEPHONE DROP WIRE 6x22 1000FT 2090051,null,,1000,exempt test,TRUE,,,,,,,,
1890OFF,,"POST-IT NOTES 3 x 3"" 654",11100,,-11,exempt test,TRUE,,,,,,,,
1891OFF,,Post-it Original Notes 3x3,null,,-3,exempt test,TRUE,,,,,,,,
190TOOL,,HAVENS GRIP FOR WIRE ROPE 1625-20 | toe grab,11800,,4,exempt test,TRUE,,,,,,,,
1911OFF,,Post-it Original Notes 3x5,null,,28,exempt test,TRUE,,,,,,,,
1915TOOL,,"FLASHLIGHT, LED",12400,,9,exempt test,TRUE,,,,,,,,
1919OFF,,POST-IT FLAGS YELLOW PACK OF 100,11100,,3,exempt test,TRUE,,,,,,,,
1922OFF,,POST-IT FLAGS BLUE PACK OF 100,11100,,3,exempt test,TRUE,,,,,,,,
1927OFF,,"POST-IT ARROW 1/2"" FLAGS, BL/GR/RD/YL",11100,,3,exempt test,TRUE,,,,,,,,
1928OFF,,SUPER GLUE  LOC1710908,11100,,-1,exempt test,TRUE,,,,,,,,
1928OFF,,SUPER GLUE  LOC1710908,11100,,-1,exempt test,TRUE,,,,,,,,
1930MISC,,HOUSE RISER 5ft 12-119 | walking canes drop guards,2000,,547,exempt test,TRUE,,,,,,,,
1960TOOL,,COAX PRESTIGE CRIMPER #24-7712P,12200,,6,exempt test,TRUE,,,,,,,,
1962OFF,,"CALCULATOR, HANDHELD, 12 DIGIT, TX220TS",11100,,1,exempt test,TRUE,,,,,,,,
1965OFF,,VICTOR BUSINESS DESKTOP CALCULATOR,11100,,2,exempt test,TRUE,,,,,,,,
1970PL,,GUY GUARD YELLOW 7' 84FRPMYEL,null,,186,exempt test,TRUE,,,,,,,,
1980PL,,FLINT STONE FOAM - POLES | foam,3300,,73,exempt test,TRUE,,,,,,,,
1981PL,,EXPANDING FOAM SEALANT 12oz,1800,,4,exempt test,TRUE,,,,,,,,
1982PL,,FOAM WIRE PULLING LUBRICANT KLEIN TOOLS 51100,1700,,27,exempt test,TRUE,,,,,,,,
1990PL,,"ANCHOR ROD 5/8"" x 5', J7415",null,,200,exempt test,TRUE,,,,,,,,
2000PL,,"ANCHOR ROD 5/8"" x 7' THIMBLEYE, J7417",null,,27,exempt test,TRUE,,,,,,,,
2001PL,,"ANCHOR ROD TWINEYE 5/8""X 7' J7517",null,,50,exempt test,TRUE,,,,,,,,
2010PL,,"ANCHOR ROD, 5/8"" x 8'",null,,99,exempt test,TRUE,,,,,,,,
2010TOOL,,CLIP GUN MODEL #RB-4,null,,1,exempt test,TRUE,,,,,,,,
2020PL,,"ANCHOR ROD, 3/4"" x 8'",null,,35,exempt test,TRUE,,,,,,,,
2030PL,,"ANCHOR ROD, 1"" x 10'",null,,8,exempt test,TRUE,,,,,,,,
2050PL,,"ANCHOR ROCK 3/4 X 30"" J3437",null,,144,exempt test,TRUE,,,,,,,,
2051PL,,"ANCHOR ROCK 3/4"" x 53"" J3438",null,,40,exempt test,TRUE,,,,,,,,
2060OFF,,"3 RING BINDER, 1""",null,,62,exempt test,TRUE,,,,,,,,
2061TOOL,,FACE SHIELD,5700,,100,exempt test,TRUE,,,,,,,,
2070PL,,ANCHOR EXPANDING (SMALL) J8135 | bust pod,null,,72,exempt test,TRUE,,,,,,,,
2080PL,,"ANCHOR, EXPANDING (LARGE) | bust pod",null,,64,exempt test,TRUE,,,,,,,,
2080TOOL,,BLACK AND DECKER POPRIVET#K110,null,,1,exempt test,TRUE,,,,,,,,
2087OFF,,"3 RING BINDER, 2""",null,,9,exempt test,TRUE,,,,,,,,
2090PL,,"ANCHOR EXPANDING 8 WAY 3/4"" J8200-3/4 | bust pod",null,,45,exempt test,TRUE,,,,,,,,
2140PL,,"NUT, 1/2"" MACHINE",1600,,219,exempt test,TRUE,,,,,,,,
2150TOOL,,REST-A-BACK 83-M BELT,12500,,4,exempt test,TRUE,,,,,,,,
2170PL,,"NUT 5/8"" FOR ANCHOR",3700,,314,exempt test,TRUE,,,,,,,,
2180TOOL,,"NEED TO TRACK BY SERIAL
VOLTAGE DETECTOR #C9970",12400,,1,exempt test,TRUE,,,,,,,,
2180TOOL,,"NEED TO TRACK BY SERIAL
VOLTAGE DETECTOR #C9970",12400,,1,exempt test,TRUE,,,,,,,,
2180TOOL,,"NEED TO TRACK BY SERIAL
VOLTAGE DETECTOR #C9970",12400,,1,exempt test,TRUE,,,,,,,,
2180TOOL,,"NEED TO TRACK BY SERIAL
VOLTAGE DETECTOR #C9970",12400,,1,exempt test,TRUE,,,,,,,,
2180TOOL,,"NEED TO TRACK BY SERIAL
VOLTAGE DETECTOR #C9970",12400,,1,exempt test,TRUE,,,,,,,,
2180TOOL,,"NEED TO TRACK BY SERIAL
VOLTAGE DETECTOR #C9970",12400,,1,exempt test,TRUE,,,,,,,,
2200PL,,"WASHERS, 5/8"" ROUND",1600,,18,exempt test,TRUE,,,,,,,,
2200TOOL,,"HEAVY-WEIGHT HACKSAW 12"" (333A)",11800,,6,exempt test,TRUE,,,,,,,,
2201TOOL,,"BLADE FOR HEAVY-WEIGHT HACKSAW 12"" 1224-B1P",12200,,6,exempt test,TRUE,,,,,,,,
2210TOOL,,ARROW #T59 CLIP STAPLE GUN,12400,,4,exempt test,TRUE,,,,,,,,
2230OFF,,MANILA FILE FOLDERS 1/3 CUT,null,,-10,exempt test,TRUE,,,,,,,,
2235OFF,,"FILE POCKETS, REDROPE, SMD74214",null,,36,exempt test,TRUE,,,,,,,,
2240PL,,I/O SPLIT-BOLT CONNECTOR #1 KS25 | kearney,2400,,400,exempt test,TRUE,,,,,,,,
2250PL,,SPLIT-BOLT CONNECTOR #2 2H | kearney,2400,,365,exempt test,TRUE,,,,,,,,
2260PL,,SPLIT-BOLT CONNECTOR #4 4H3 | kearneys kerneys,2400,,758,exempt test,TRUE,,,,,,,,
2270PL,,SPLIT-BOLT CONNECTOR #6 6H | kearney,2400,,683,exempt test,TRUE,,,,,,,,
2272PL,,IDC FIBER OPTIC GROUND CONNECTOR 48-79,3700,,50,exempt test,TRUE,,,,,,,,
2290OFF,,Oxford Wirelock Subject Notebook,null,,12,exempt test,TRUE,,,,,,,,
2290TOOL,,BASHLIN BELT #625-38,null,,1,exempt test,TRUE,,,,,,,,
2296TOOL,,SUNSHIELD FOR BASHLIN HARD HAT | hardhat brim,14400,,11,exempt test,TRUE,,,,,,,,
2300TOOL,,CLIMBER ACCESSORIES GAFF'S ECT...,null,,20,exempt test,TRUE,,,,,,,,
2310PL,,POLE STEP PLATE & LAG SCREW,3700,,50,exempt test,TRUE,,,,,,,,
2310PL,,POLE STEP PLATE & LAG SCREW,3800,,50,exempt test,TRUE,,,,,,,,
2320PL,,POLE STEPS,3700,,25,exempt test,TRUE,,,,,,,,
2320PL,,POLE STEPS,3800,,25,exempt test,TRUE,,,,,,,,
2340PLH,,"POLE LETTERS ALUM, 1.5"", H",2600,,600,exempt test,TRUE,,,,,,,,
2340PLP,,"POLE LETTERS ALUM, 1.5"", P",2600,,1200,exempt test,TRUE,,,,,,,,
2340TOOL,,BASHLIN GAFF GUARDS #2,12500,,1,exempt test,TRUE,,,,,,,,
2350PL,,"POLE NUMBER NAILS ALUMINUM 1"" BGN-15",2600,,8060,exempt test,TRUE,,,,,,,,
2360TOOL,,BASHLIN ALUMINUM ALLOY CLIMBER BD14B-2N,null,,1,exempt test,TRUE,,,,,,,,
2390TOOL,,PWR ADAPTER SSM-22-PWR,null,,6,exempt test,TRUE,,,,,,,,
2400TOOL,,WIRE STRIPPER FLUKE #44210013,12200,,10,exempt test,TRUE,,,,,,,,
2410TOOL,,BAFF ANKLE CLIP STRAPS,13500,,7,exempt test,TRUE,,,,,,,,
2430PL,,"BOLT ANGLE EYE 3/4"" X 10""",3800,,32,exempt test,TRUE,,,,,,,,
250OFF,,PAPERMATE 33611 BALPOINT PEN- BLUE,null,,-5,exempt test,TRUE,,,,,,,,
2511PL,,"BOLT MACHINE 1/2"" x  8""",3800,,105,exempt test,TRUE,,,,,,,,
2520TOOL,,CAN WRENCH SECURITY KEY INSERT#10660001,12200,,9,exempt test,TRUE,,,,,,,,
2521TOOL,,"PENTA-SOCKET 51/64"" 5-POINT SB-526",12200,,7,exempt test,TRUE,,,,,,,,
2530TOOL,,UTILITY KNIFE RETRACTABLE BLADE 44131,11200,,-1,exempt test,TRUE,,,,,,,,
2540TOOL,,"CABLE-SPLICER'S KNIFE 6.25"" BLADE 44200",12200,,6,exempt test,TRUE,,,,,,,,
2545TOOL,,LOCKBACK KNIFE CURVED BLADE 44005,12200,,10,exempt test,TRUE,,,,,,,,
2570TOOL,,ELECTRICIANS SCISSORS 2100-7 | snips,12200,,3,exempt test,TRUE,,,,,,,,
2580OFF,,"8-TAB INSERTABLE DIVIDERS, AVE11112",null,,-4,exempt test,TRUE,,,,,,,,
2580TOOL,,FIBER OPTIC KEVLAR SCISSORS JIC-186,12200,,6,exempt test,TRUE,,,,,,,,
2581PL,,STEEL POLE BANDS,1600,,1,exempt test,TRUE,,,,,,,,
2581PL,,STEEL POLE BANDS,null,,11,exempt test,TRUE,,,,,,,,
2582TOOL,,"WIRE WRAPPING & UNWRAP TOOL, HW-UW-224",122200,,12,exempt test,TRUE,,,,,,,,
2586TOOL,,JONARD REPLACEMENT BLADES FOR FIBER SPLI,null,,6,exempt test,TRUE,,,,,,,,
2587PL,,CONDUIT STRAP KIT STK-4 | st-4,3700,,32,exempt test,TRUE,,,,,,,,
2587TOOL,,"discontinued
EZ-FIBER SLITTER 15063",12200,,6,exempt test,TRUE,,,,,,,,
2588PL,,"Communication Standoff Bracket 15° 18"" 1CSM18",3400,,16,exempt test,TRUE,,,,,,,,
2594PL,,GUY ATTACHMENT W/CLEVIS BGAS20,null,,22,exempt test,TRUE,,,,,,,,
2595PL,,DEADEND BRACKET SF-YDB F445340,3700,,14,exempt test,TRUE,,,,,,,,
2640TOOL,,JAMESON ELECTRICIAN SCISSORS 32-41NS,122200,,22,exempt test,TRUE,,,,,,,,
2650TOOL,,PRO3000 ANALOG TONE GENERATOR 26200-900,12200,,6,exempt test,TRUE,,,,,,,,
2660TOOL,,TONE/PROBE CONTINUITY GENERATOR TESTER 26000900 | wand,11200,,11,exempt test,TRUE,,,,,,,,
2661TOOL,,TONE/PROBE CONTINUITY TESTER REPLACEMENT TIP 261000103,12200,,3,exempt test,TRUE,,,,,,,,
2665TOOL,,TEST SET TS52 PRO 52801009,13400,,1,exempt test,TRUE,,,,,,,,
2665TOOL,,TEST SET TS52 PRO 52801009,13400,,1,exempt test,TRUE,,,,,,,,
2665TOOL,,TEST SET TS52 PRO 52801009,13400,,1,exempt test,TRUE,,,,,,,,
2665TOOL,,TEST SET TS52 PRO 52801009,null,,1,exempt test,TRUE,,,,,,,,
2665TOOL,,TEST SET TS52 PRO 52801009,null,,1,exempt test,TRUE,,,,,,,,
2680TOOL,,HARRIS ADSL SPLITTER,null,,1,exempt test,TRUE,,,,,,,,
2690TOOL,,IN-LINE MODULAR ADAPTER 8 WIRE,12200,,8,exempt test,TRUE,,,,,,,,
2700TOOL,,FLUKE BUTTSET CORDS#P14480009,12200,,15,exempt test,TRUE,,,,,,,,
2750TOOL,,"WIRE UNWRAP TOOL, UW4",13500,,6,exempt test,TRUE,,,,,,,,
2751AC,,"STRANDLINK 5/16"" SPLICE PREFORMED 42"" | 6m fargo pickle",1500,,142,exempt test,TRUE,,,,,,,,
2760TOOL,,18GUAGE WIRE WRAP BIT#504222,null,,3,exempt test,TRUE,,,,,,,,
2770TOOL,,BT-2R GAGE,null,,4,exempt test,TRUE,,,,,,,,
2790AC,,REINFORCING STRAP 10M J7905,3700,,100,exempt test,TRUE,,,,,,,,
2790TOOL,,BAN-MINI GRBBRS-8FT.,null,,9,exempt test,TRUE,,,,,,,,
2815AC,,CABLE HANGER HOOK J2235C | j hook,3700,,194,exempt test,TRUE,,,,,,,,
2815TOOL,,BATTERY ALLIGATOR CLIP CORDS#L-W2QK-4,null,,3,exempt test,TRUE,,,,,,,,
2820AC,,GUY HOOK J1019,1600,,11,exempt test,TRUE,,,,,,,,
2870AC,,"ARM CABLE EXTENSION 26.0"" 7920",null,,24,exempt test,TRUE,,,,,,,,
2880AC,,"ARM CABLE EXTENSION 44.5"" 7921",null,,23,exempt test,TRUE,,,,,,,,
2980AC,,CABLE HANGER FOR 1642 CLOSURE,4800,,138,exempt test,TRUE,,,,,,,,
2980TOOL,,FLASHLIGHT REPLACEMENT LAMP MODULE#2274,null,,3,exempt test,TRUE,,,,,,,,
300TOOL,,CHICAGO GRIP FOR BARE WIRE 1613-30 | barbed gripper come along clamp,null,,3,exempt test,TRUE,,,,,,,,
3010TOOL,,RED/ORANGE VINYL SAFETY FLAG | hand held handheld wood handle,13100,,20,exempt test,TRUE,,,,,,,,
3020AC,,GATM 97000 LARGE SPLICE CLOSURE,5100,,10,exempt test,TRUE,,,,,,,,
3030AC,,GATM 96010 10pr UN-PROT. BLOCK,4800,,76,exempt test,TRUE,,,,,,,,
3050AC,,GATM 97010 LARGE W/10PR UN-PRO,5100,,5,exempt test,TRUE,,,,,,,,
305OSP,,"SCREW SHEET METAL PAN HEAD #14 x 3""",6800,,500,exempt test,TRUE,,,,,,,,
3060AC,,GATM 95961 Washer Housing Kit,4800,,3,exempt test,TRUE,,,,,,,,
3070AC,,GATM 97961 Washer Housing Kit,5100,,5,exempt test,TRUE,,,,,,,,
3080AC,,GATM 95960 Closure Extender Ki,4800,,51,exempt test,TRUE,,,,,,,,
3081TOOL,,DICK SPRING SIGN STAND,null,,16,exempt test,TRUE,,,,,,,,
3082TOOL,,"""UTITLITY WORK AHEAD"" SIGN #915",null,,16,exempt test,TRUE,,,,,,,,
3090AC,,GATM 97960 Closure Extender Ki,5100,,26,exempt test,TRUE,,,,,,,,
3090OFF,,SURGE PROTECTOR FEL99004 | power strip,10300,,10,exempt test,TRUE,,,,,,,,
311OSP,,PN S4BK FLEX CLIP BLACK 10mm | ethernet cable,6600,,2100,exempt test,TRUE,,,,,,,,
312OSP,,PN S4GY FLEX CLIP GRAY 10mm | ethernet cable,67000,,6099,exempt test,TRUE,TRUE,,,,,,,
313OSP,,PN S4WH FLEX CLIP WHITE 10mm | ethernet cable,6700,,2799,exempt test,TRUE,TRUE,,,,,,,
3140AC,,"SLIC, RUBBER END SEAL, DOUBLE, 5""",5100,,23,exempt test,TRUE,TRUE,,,,,,,
314OSP,,"SCREW SELF TAPPING w/CLIP BLACK 9/16"" WCMSC-04812",6700,,7796,exempt test,TRUE,TRUE,,,,,,,
3150AC,,"SLIC, RUBBER END SEAL, TRIPLE, 5""",5100,,132,exempt test,TRUE,TRUE,,,10004,11030,,,
3150AC,,"SLIC, RUBBER END SEAL, TRIPLE, 5""",5700,,28,exempt test,TRUE,TRUE,,,28,1732,,,
3170AC,,"SLIC, RUBBER END SEAL, DOUBLE, 7""",5100,,36,exempt test,TRUE,TRUE,,,,,,,
3180AC,,"SLIC, RUBBER END SEAL, TRIPLE, 7""",5100,,32,exempt test,TRUE,TRUE,,,44,2124,,,
3190AC,,"SLIC, RUBBER END SEAL, DOUBLE, 3""",5100,,86,exempt test,TRUE,TRUE,,,7108,5394,,,
3200AC,,"SLIC, RUBBER END SEAL, TRIPLE, 3""",5100,,106,exempt test,TRUE,TRUE,,,10418,7974,,,
320OFF,,Pentel Sharp Mechanical Drafting Pencil,11100,,15,exempt test,TRUE,TRUE,,,20476,18386,,,
3210AC,,5 PAIR TERM BLOCK FOR SLIC,5100,,50,exempt test,TRUE,TRUE,,,32,1464,,,
3230AC,,"3M SLIC 2.6"" X 29"" AERIAL CLOSURE | slick",4700,,26,exempt test,TRUE,TRUE,,,62,19984,,,
3230AC,,"3M SLIC 2.6"" X 29"" AERIAL CLOSURE | slick",5100,,66,exempt test,TRUE,TRUE,,,,,,,
3240AC,,"3M SLIC 3.6"" X 19"" AERIAL CLOSURE | slick",4700,,6,exempt test,TRUE,TRUE,,,,,,,
3240AC,,"3M SLIC 3.6"" X 19"" AERIAL CLOSURE | slick",5300,,56,exempt test,TRUE,TRUE,TRUE,,,,,,
324OFF,,"MECHANICAL PENCIL, 0.7MM, PENP207C",null,,-5,exempt test,TRUE,TRUE,,,,,,,
3250AC,,"SLIC 3.6"" X 33"" AERIAL CLOSURE | slick",5300,,20,exempt test,TRUE,TRUE,,,,,,,
3260AC,,"3M SLIC 5.6"" X 33"" AERIAL CLOSURE KIT | slick",4700,,28,exempt test,TRUE,TRUE,,,,,,,
3260AC,,"3M SLIC 5.6"" X 33"" AERIAL CLOSURE KIT | slick",5500,,28,exempt test,TRUE,TRUE,,,,,,,
3270DPC,,"3M SLIC 7.6"" X 33"" AERIAL CLOSURE | slick",4600,,3,exempt test,TRUE,TRUE,,,,,,,
3280AC,,"AERIAL TERMINAL 328, 328-PI-10-TR/RES | slic dropdown drop down box",4600,,23,exempt test,TRUE,TRUE,,,,,,,
3291DPC,,"SLIC 530 10 PAIR, W/DROP DOWN BOX",null,,21,exempt test,TRUE,TRUE,,,,,,,
3291DPC,,"SLIC 530 10 PAIR, W/DROP DOWN BOX",null,,18,exempt test,TRUE,TRUE,,,,,,,
3292AC,,FIBER DOME AERIAL STRAND MOUNT BRACKET,7400,,17,exempt test,TRUE,TRUE,,,,,,,
3292AC,,FIBER DOME AERIAL STRAND MOUNT BRACKET,null,,677,exempt test,TRUE,TRUE,,,,,,,
3295AC,,FIBER DOME POLE/WALL MOUNT BRACKET,null,,214,exempt test,TRUE,TRUE,,,,,,,
3299AC,,SLIC ENTRY KIT 6-PORT,8900,,245,exempt test,TRUE,TRUE,,,,,,,
3300AC,,TERMINAL BLOCK 6 PR 145B,null,,152,exempt test,TRUE,TRUE,,,,,,,
3370AC,,"LASHED CABLE SUPPORT 10"" ZINC, 34-08911",3800,,500,exempt test,TRUE,TRUE,,,,,,,
3380AC,,"LASHED CABLE SUPPORT 16"" ZINC 34-08921",3800,,4098,exempt test,TRUE,TRUE,,,,,,,
3381AC,,"CABLE SUPPORT STRAP 50' ROLL, DELTEC",2800,,119,exempt test,TRUE,TRUE,,,,,,,
3382AC,,STRAP LOCKING HEAD 25 PK CSS-LH DELTEC,2800,,3646,exempt test,TRUE,TRUE,,,,,,,
3383AC,,MODULAR STACKABLE SPACER,2800,,6200,exempt test,TRUE,TRUE,,,,,,,
3390AC,,"CABLE SUPPORT STRAP 22""",3800,,480,exempt test,TRUE,TRUE,,,,,,,
340OSP,,HOLLOW WALL ANCHOR 1/16 TO 3/8,6600,,1700,exempt test,TRUE,TRUE,,,,,,,
3410AC,,"CABLE SUPPORT STRP 34""",3800,,975,exempt test,TRUE,TRUE,,,,4270,,,
341OSP,,"HOLLOW WALL ANCHOR 5/8 TO 1.25""",6600,,300,exempt test,TRUE,TRUE,,,,5000,,,
3430AC,,"CABLE SPACER 1/4"" | 0.25""",3800,,1400,exempt test,TRUE,TRUE,,,,5000,,,
3440AC,,"CABLE SPACER 1/2"" | 0.50""",3800,,600,exempt test,TRUE,TRUE,,,,5000,,,
3450AC,,"CABLE SPACER 3/4"" | 0.75""",3800,,600,exempt test,TRUE,TRUE,,,,5000,,,
3460AC,,"CABLE SPACER 1"" | 1.00""",3800,,800,exempt test,TRUE,TRUE,,,,5000,,,
3470AC,,"CABLE SPACER 1 1/2"" | 1.25""",3800,,700,exempt test,TRUE,TRUE,,,,5000,,,
3480AC,,"CABLE SPACER 2""",3800,,550,exempt test,TRUE,TRUE,,,,20000,,,
3500AC,,COIL SALES 12-186 LOAD COIL POLE MOUNT BRK6,3700,,6,exempt test,TRUE,TRUE,,,,20000,,,
350OSP,,HOLLOW WALL ANCHOR 3/16 LONG,6600,,246,exempt test,TRUE,TRUE,,,,20000,,,
3531BC,,BURIED SPLICE ENCLOSURE 6 PAIR 68100,5000,,101,exempt test,TRUE,TRUE,,,,20000,,,
3540BC,,3M SCOTCHCAST 8982 SPLICE KIT 8982,5000,,75,exempt test,TRUE,TRUE,,,,20018,,,
3550BC,,SCOTCHCAST 8983 HIGH GEL 8983-8882,5000,,66,exempt test,TRUE,TRUE,,,,20056,,,
3550OFF,,ACCO 54124 DARK GRAY DATA BINDER 11X81/2,null,,12,exempt test,TRUE,TRUE,,,,20000,,,
3560BC,,SCOTCHCAST 8984 HIGH GEL 8984-8882,3800,,29,exempt test,TRUE,TRUE,,,,5000,,,
3560BC,,SCOTCHCAST 8984 HIGH GEL 8984-8882,5000,,3,exempt test,TRUE,TRUE,,,,20000,,,
3590BC,,3M BURIED CLOSURE KIT BB3X24-SB/2SC-LHS,4700,,17,exempt test,TRUE,TRUE,,,,20000,,,
3600BC,,BURIED CLOSURE KIT BB4X24-SB/2SC-LHS,5000,,5,exempt test,TRUE,TRUE,,,,20000,,,
360OFF,,"MECHANICAL PENCIL, 0.7mm",11100,,39,exempt test,TRUE,TRUE,,,,5000,,,
360OSP,,"ANCHOR, 3/16"" SHARK TOOTH, 2441337 | fasteners",6800,,2200,exempt test,TRUE,TRUE,,,,5000,,,
360TOOL,,CASE FOR SIMPSON 260BIK-00834,13600,,2,exempt test,TRUE,TRUE,,,,5000,,,
3610BC,,BURIED CLOSURE KIT BB5X26/8882/HIGH GEL,5000,,5,exempt test,TRUE,TRUE,,,,5000,,,
3630BC,,BURIED CLOSURE KIT BB9X26-SB/2DC-LHS,5000,,2,exempt test,TRUE,TRUE,,,,5000,,,
3660BC,,3M 8964 MOISTURE BLOCKING KIT,5200,,1,exempt test,TRUE,TRUE,,,,5000,,,
370OSP,,"ANCHOR, 1/4"" SHARK TOOTH, 2441345 | fasteners",6800,,2800,exempt test,TRUE,TRUE,,,,5000,,,
370TOOL,,SINGLE POCKET SMALL TOOL POUCH (5175),null,,6,exempt test,TRUE,TRUE,,,,5000,,,
375TOOL,,SCISSORS & KNIFE HOLDER (5187) | pouch holster,12500,,8,exempt test,TRUE,TRUE,,,,1814,,,
3765BC,,SEMCO 820-6 OZ. PED SEALANT,5400,,20,exempt test,TRUE,TRUE,,,,5000,,,
3770BC,,SEMCO 820-8 OZ. PED SEALANT,5400,,16,exempt test,TRUE,TRUE,,,,5000,,,
3790BC,,3M 4442 GELLA SIZE D 8882-D3,null,,22,exempt test,TRUE,TRUE,,,,5000,,,
3800BC,,"HIGH GEL ENCAPSULANT, 8882-750/F",5200,,15,exempt test,TRUE,TRUE,,,,5000,,,
380OSP,,"HOUSE SIDING CLIP 3/16"", 2441352",6800,,2400,exempt test,TRUE,TRUE,,,,5000,,,
3810BC,,"HIGH GEL FOIL UNIPACK, 8882",5200,,-1,exempt test,TRUE,TRUE,,,,5000,,,
3820BC,,HIGH GEL FOIL UNIPACK 8882-3000/F,5200,,3,exempt test,TRUE,TRUE,,,,5000,,,
3826OFF,,"DRY ERASE MARKER, ERASER KIT, SAN80556",11100,,4,exempt test,TRUE,TRUE,,,,5000,,,
3830BC,,HIGH GEL RE-ENTERABLE ENCAPSULANT 8882,5000,,7,exempt test,TRUE,TRUE,,,,20000,,,
3880BC,,SCOTCHKOTE ELECTRICAL COATING 15OZ CAN,null,,36,exempt test,TRUE,TRUE,,,,22000,,,
3880BC,,SCOTCHKOTE ELECTRICAL COATING 15OZ CAN,5200,,5,exempt test,TRUE,TRUE,,,,19446,,,
3890BC,,"""C"" CEMENT 4OZ",5200,,20,exempt test,TRUE,TRUE,TRUE,,,5000,,,
390OSP,,"HOUSE SIDING CLIP 1/4"", 2441360",6800,,2400,exempt test,TRUE,TRUE,TRUE,,,5000,,,
3910BC,,DUCT SEALING COMPOUND 1LB 24008 | putty,2400,,4,exempt test,TRUE,TRUE,TRUE,,,5000,,,
391OSP,,FASTENAL PIPE CLAMPS,7000,,57,exempt test,TRUE,TRUE,TRUE,,,5000,,,
3920BC,,DUCT SEALING COMPOUND 5lbs 17084 | putty,2400,,16,exempt test,TRUE,TRUE,TRUE,,,5000,,,
4000TOOL,,INSULATED METAL SOIL PROBE MPA42,null,,11,exempt test,TRUE,TRUE,TRUE,,,5000,,,
4030TOOL,,GENERAL PURPOSE LEATHER BELT (5202XL),12500,,5,exempt test,TRUE,TRUE,TRUE,,,5000,,,
405FOOD,,VINEGAR DISTILLED WHITE 16oz,5500,,4,exempt test,TRUE,TRUE,TRUE,,,5000,,,
4061TOOL,,ADJUSTABLE SHOP STOOL T9A240274 WB240274,12200,,2,exempt test,TRUE,TRUE,TRUE,,,5000,,,
4070TOOL,,"HARNESS FULLBODY W/BACK, SMALL",12500,,1,exempt test,TRUE,TRUE,TRUE,,,5000,,,
4071TOOL,,HARNESS FULLBODY W/BACK MEDIUM 683XC-M,12500,,6,exempt test,TRUE,TRUE,TRUE,,,5000,,,
4072TOOL,,HARNESS FULLBODY W/BACK LARGE 683XC-L,12500,,3,exempt test,TRUE,TRUE,TRUE,,,5000,,,
4073TOOL,,HARNESS FULLBODY W/BACK XL 683XC-X,12500,,2,exempt test,TRUE,TRUE,TRUE,,,5000,,,
4074TOOL,,HARNESS FULLBODY W/BACK 2XL 683XC-2X,null,,2,exempt test,TRUE,TRUE,TRUE,,,5000,,,
4075TOOL,,"HARNESS FULLBODY W/BACK, 3X-LARGE",null,,2,exempt test,TRUE,TRUE,TRUE,,,5000,,,
4076TOOL,,SHOCK ABSORBING SAFETY LANYARD 6',12500,,2,exempt test,TRUE,TRUE,TRUE,,,5000,,,
4077TOOL,,SAFETY LANYARD 6' 350LBS 62841952,12500,,1,exempt test,TRUE,TRUE,TRUE,,,5000,,,
410OSP,,DRYWALL ANCHOR NYLON SWN08LS-R100,6800,,2798,exempt test,TRUE,TRUE,TRUE,,,5000,,,
4110BC,,"3M PULL N SHRINK TUBING, 4627-S",5200,,65,exempt test,TRUE,TRUE,TRUE,,,5000,,,
4120BC,,"3M PULL N SHRINK TUBING, 4628-S",5200,,60,exempt test,TRUE,TRUE,TRUE,,,5000,,,
4130BC,,3M Pull n Shrink Tubing 4629-S,5200,,25,exempt test,TRUE,TRUE,TRUE,,,5000,,,
4140BC,,"3M Pull n Shrink Tubing, 4630-S",5200,,10,exempt test,TRUE,TRUE,,,,308,,,
4150BC,,3M Pull n Shrink Tubing 4631-S,5200,,11,exempt test,TRUE,TRUE,,,,2632,,,
4206BC,,CI POLE MT BRACKET PED,null,,266,exempt test,TRUE,TRUE,,,,4490,,,
4208BC,,CI BD2 NON-METALLIC PEDESTAL,null,,80,exempt test,TRUE,TRUE,,,,5000,,,
420FOOD,,FRENCH VANILLA CREAMER 192 COUNT SINGLE,5700,,1,exempt test,TRUE,TRUE,,,,575,,,
4212BC,,CSCPLT 4 LOCATE PED | bd2l sip,null,,129,exempt test,TRUE,TRUE,,,,5000,,,
4214BC,,CI BD4 NON-METALLIC PEDESTAL,null,,7,exempt test,TRUE,TRUE,,,,4905,,,
4216BC,,CI BD5 NON-METALLIC PEDESTAL,null,,12,exempt test,TRUE,TRUE,,,,4136,,,
4220BC,,"PEDESTAL, BD 5, METAL, UPC-BD5",null,,17,exempt test,TRUE,TRUE,,,,92,,,
4223BC,,"PLP-B COYPED 8"" UNIVERSAL ORG BASIC BD",null,,108,exempt test,TRUE,TRUE,TRUE,,,4842,,,
4224BC,,"PLP-C COYPED 8"" WITH WATERFALL KIT BD",null,,108,exempt test,TRUE,TRUE,,,,105,,,
4227BC,,FLOWER POT HH,null,,129,exempt test,TRUE,TRUE,,,,476,,,
4230BC,,"PEDESTAL, FLOOD, BD 3",null,,13,exempt test,TRUE,TRUE,TRUE,,,4994,,,
4250BC,,"STAKE, PEDESTAL MS-1342",null,,435,exempt test,TRUE,TRUE,TRUE,,,4236,,,
4251BC,,"ADJUSTABLE MOBILE HOME POST 35"" W/HDWR, AMHP-1 | trailer stake",null,,37,exempt test,TRUE,TRUE,,,,134,,,
425FOOD,,HAZELNUT CREAMER SINGLES ITD827965,5700,,3,exempt test,TRUE,TRUE,,,,5000,,,
4260BC,,MOUNTING HARDWARE STANDARD STAKE F601410,2600,,46,exempt test,TRUE,TRUE,,,,2506,,,
4260BC,,MOUNTING HARDWARE STANDARD STAKE F601410,5200,,4995,exempt test,TRUE,TRUE,,,,1236,,,
4260OFF,,TRASH CAN LINER 30X27 | bag,null,,-1,exempt test,TRUE,TRUE,,,,470,,,
4270BC,,"MOUNTING HARDWARE FOR PEDESTALS, F602780",5400,,14,exempt test,TRUE,TRUE,,,,806,,,
4272OFF,,TRASH CAN LINER DRAWSTRING 13GAL | bag,null,,-1,exempt test,TRUE,TRUE,,,,912,,,
4280PL,,REFLECTIVE POLE DECAL D22515RHCTC | label sticker,5400,,4897,exempt test,TRUE,TRUE,,,,882,,,
4281BC,,PEDESTAL REFLECTIVE ORANGE LETTERING KIT,5400,,16,exempt test,TRUE,TRUE,,,,232,,,
4282BC,,"3M 5012, DECAL HOLDER STRIP | plate pole number",5400,,829,exempt test,TRUE,TRUE,,,,254,,,
4283BC,,"ALUMINUM ORANGE BACKING PLATE 9"" DN55HLDR10 2 HOLES FOR 10 DN55 DECALS",5400,,42,exempt test,TRUE,TRUE,,,,5000,,,
4285BC,,FASTTAGS 2 LINE POL HOLDER 4 PLACE,6900,,456,exempt test,TRUE,TRUE,,,,5000,,,
4285BC1,,"FASTTAGS MINI MARKERS ""1""",6900,,14,exempt test,TRUE,TRUE,,,,5000,,,
4285BC2,,"FASTTAGS MINI MARKERS ""2""",6900,,21,exempt test,TRUE,TRUE,,,,5000,,,
4285BC3,,"FASTTAGS MINI MARKERS ""3""",6900,,21,exempt test,TRUE,TRUE,,,,5000,,,
4285BC4,,"FASTTAGS MINI MARKERS ""4""",6900,,21,exempt test,TRUE,TRUE,,,,5000,,,
4285BC5,,"FASTTAGS MINI MARKERS ""5""",6900,,21,exempt test,TRUE,TRUE,,,,5000,,,
4285BC6,,"FASTTAGS MINI MARKERS ""6""",6900,,21,exempt test,TRUE,TRUE,,,,5000,,,
4285BC7,,"FASTTAGS MINI MARKERS ""7""",6900,,20,exempt test,TRUE,TRUE,,,,766,,,
4285BC8,,"FASTTAGS MINI MARKERS ""8""",6900,,21,exempt test,TRUE,TRUE,TRUE,,,4500,,,
4285BC9,,"FASTTAGS MINI MARKERS ""9""",6900,,21,exempt test,TRUE,TRUE,TRUE,,,4392,,,
4285BCA,,"FASTTAGS MINI MARKERS ""A""",6900,,21,exempt test,TRUE,TRUE,,,,510,,,
4285BCB,,"FASTTAGS MINI MARKERS ""B""",6900,,21,exempt test,TRUE,TRUE,,,,66,,,
4285BCC,,"FASTTAGS MINI MARKERS ""C""",6900,,21,exempt test,TRUE,TRUE,,,,766,,,
4285BCD,,"FASTTAGS MINI MARKERS ""D""",6900,,21,exempt test,TRUE,TRUE,,,,766,,,
4285BCE,,"FASTTAGS MINI MARKERS ""E""",6900,,21,exempt test,TRUE,TRUE,,,,130,,,
4285BCF,,"FASTTAGS MINI MARKERS ""F""",6900,,14,exempt test,TRUE,TRUE,,,,2962,,,
4285BCG,,"FASTTAGS MINI MARKERS ""G""",6900,,21,exempt test,TRUE,TRUE,,,20474,18386,,,
4285BCH,,"FASTTAGS MINI MARKERS ""H""",6900,,21,exempt test,TRUE,TRUE,,,27070,29026,,,
4285BCI,,"FASTTAGS MINI MARKERS ""I""",6900,,20,exempt test,TRUE,TRUE,,,62,4694,,,
4285BCJ,,"FASTTAGS MINI MARKERS ""J""",6900,,21,exempt test,TRUE,TRUE,,,0,0,,,
4285BCK,,"FASTTAGS MINI MARKERS ""K""",6900,,21,exempt test,TRUE,TRUE,,,,2520,,,
4285BCL,,"FASTTAGS MINI MARKERS ""L""",6900,,21,exempt test,TRUE,TRUE,,,,5000,,,
4285BCM,,"FASTTAGS MINI MARKERS ""M""",6900,,14,exempt test,TRUE,TRUE,,,,5000,,,
4285BCN,,"FASTTAGS MINI MARKERS ""N""",6900,,21,exempt test,TRUE,TRUE,,,,5000,,,
4285BCO,,"FASTTAGS MINI MARKERS ""O""",6900,,26,exempt test,TRUE,TRUE,,,,5000,,,
4285BCP,,"FASTTAGS MINI MARKERS ""P""",6900,,21,exempt test,TRUE,TRUE,,,,5000,,,
4285BCQ,,"FASTTAGS MINI MARKERS ""Q""",6900,,21,exempt test,TRUE,TRUE,,,,5000,,,
4285BCR,,"FASTTAGS MINI MARKERS ""R""",6900,,21,exempt test,TRUE,TRUE,,,,5000,,,
4285BCS,,"FASTTAGS MINI MARKERS ""S""",6900,,21,exempt test,TRUE,TRUE,,,,5000,,,
4285BCT,,"FASTTAGS MINI MARKERS ""T""",6900,,14,exempt test,TRUE,TRUE,,,,5000,,,
4285BCU,,"FASTTAGS MINI MARKERS ""U""",6900,,21,exempt test,TRUE,TRUE,,,,5000,,,
4285BCV,,"FASTTAGS MINI MARKERS ""V""",6900,,21,exempt test,TRUE,TRUE,,,,430,,,
4285BCW,,"FASTTAGS MINI MARKERS ""W""",6900,,21,exempt test,TRUE,TRUE,TRUE,,,230,,,
4285BCX,,"FASTTAGS MINI MARKERS ""X""",6900,,21,exempt test,TRUE,TRUE,,,,2352,,,
4285BCY,,"FASTTAGS MINI MARKERS ""Y""",6900,,21,exempt test,TRUE,TRUE,,,,2032,,,
4285BCZ,,"FASTTAGS MINI MARKERS ""Z""",6900,,21,exempt test,TRUE,TRUE,,,,4840,,,
4294BC,,"CRYSTAL CAP HANDHOLE MARKER 14.5x9.5"" OVAL | sign hctc",5400,,428,exempt test,TRUE,TRUE,,,,22272,,,
4295BC,,CRYSTAL CAP CURB MARKER 3 7/8 ROUND | handhole sign hctc,5400,,42,exempt test,TRUE,TRUE,,,,15084,,,
4296BC,,"ADHESIVE, SIKAFLEX 10.3 OZ TUBE",5400,,6,exempt test,TRUE,TRUE,,,,2402,,,
4297BC,,DAS ADHESIVE 5 OZ TUBE,5400,,30,exempt test,TRUE,TRUE,,,,1304,,,
4298BC,,RHINO CM ADHESIVE 10.1 OZ CARTRIDGE,null,,-2,exempt test,TRUE,TRUE,,,,15308,,,
4298BC,,RHINO CM ADHESIVE 10.1 OZ CARTRIDGE,5400,,36,exempt test,TRUE,TRUE,,,,15424,,,
4300BC,,"STANDOFF BRACKET FOR DBD,3,4, SB-234",5200,,32,exempt test,TRUE,TRUE,,,,15470,,,
4305BC,,"PLP ANCHOR STAKE KIT ALL PEDX  42"" FOR AL PLP PEDS COYPED-AS42",null,,308,exempt test,TRUE,TRUE,,,,15526,,,
430OFF,,PENTEL PDE-1 ERASER REFILL,11100,,15,exempt test,TRUE,TRUE,,,,15526,,,
430OSP,,Wood Screw Lead Anchor #6-#8 x 1,6600,,1100,exempt test,TRUE,TRUE,,,,8864,,,
4310BC,,STANDOFF BAR SB 5 PED,5200,,25,exempt test,TRUE,TRUE,,,9996,7318,,,
4320BC,,PEDESTAL GROUNDING BRACKET GBR-REA F605112,2800,,683,exempt test,TRUE,TRUE,,,22,702,,,
4320BC,,PEDESTAL GROUNDING BRACKET GBR-REA F605112,5600,,1500,exempt test,TRUE,TRUE,,,10224,4452,,,
4321BC,,MOUNTING BOLT FOR PEDESTAL BRACKET F539869,2600,,100,exempt test,TRUE,TRUE,,,7504,6004,,,
4330BC,,CLIP RETAIN SIMPLE TYPE NSH376,5400,,3,exempt test,TRUE,TRUE,,,9334,7710,,,
4340BC,,SWG SERVICE WIRE GROMMET 3/4,5400,,1000,exempt test,TRUE,TRUE,,,9504,8998,,,
4341BC,,LOCKING BOLT SEMS CUP WASHER P26259 F600490 | pedestal,5400,,76,exempt test,TRUE,TRUE,,,18462,17196,,,
4350BC,,"BPG NYLON CAP 7/16""",2600,,1000,exempt test,TRUE,TRUE,,,19668,7096,,,
4370BC,,EBAGS PEDESTAL PROTECTION BAG E8,5200,,275,exempt test,TRUE,TRUE,,,0,2638,,,
4390BC,,"GL-8 GROUND WIRE - 8""",5400,,28,exempt test,TRUE,TRUE,,,4,1638,,,
4400BC,,"P51865 GRND WIRE - 23""",5400,,35,exempt test,TRUE,TRUE,,,20,612,,,
440OFF,,PENTEL Z2-1 ERASER REFILL,11100,,16,exempt test,TRUE,TRUE,,,9904,9064,,,
440OSP,,Wood Screw Lead Anchor #6-#8 x 1.5,6600,,400,exempt test,TRUE,TRUE,,,54,2276,,,
4410BC,,"HP-6 GROUND WIRE - 13""",5400,,49,exempt test,TRUE,TRUE,,,0,1598,,,
4430BC,,COPPER GROUND LUG L-70,2400,,43,exempt test,TRUE,TRUE,,,26,1352,,,
4430BC,,COPPER GROUND LUG L-70,2400,,472,exempt test,TRUE,TRUE,,,24,836,,,
4460BC,,"FIRE ANT & INSECT KILLER, 4480",1700,,315,exempt test,TRUE,TRUE,,,10,1992,,,
4465BC,,RAMIK GREEN BAIT PACKS 4025 | rat poison,1700,,213,exempt test,TRUE,TRUE,,,44,8278,,,
4470BC,,WEED KILLER 8OZ BAG 4037,1900,,97,exempt test,TRUE,TRUE,,,20126,17180,,,
449OFF,,PENTEL SUPER HI-POLYMER LEAD REFILL 0.5,11100,,7,exempt test,TRUE,TRUE,,,24708,23938,,,
4500BC,,3M 4368 WIRE SPOOL,5000,,17,exempt test,TRUE,TRUE,,,15466,14744,,,
450FOOD,,SPLENDA NO CALORIE SWEETENER 400 COUNT,null,,5,exempt test,TRUE,TRUE,,,14222,12482,,,
450FOOD,,SPLENDA NO CALORIE SWEETENER 400 COUNT,5700,,1,exempt test,TRUE,TRUE,,,19204,18684,,,
450OFF,,PENTEL SUPER HI-POLYMER LEAD REFILL 0.7,11100,,8,exempt test,TRUE,TRUE,,,0,1808,,,
450OSP,,WOOD SCREW LEAD ANCHOR #16-#18 x 1,6600,,3600,exempt test,TRUE,TRUE,,,2,3380,,,
451OSP,,"Wood Screw Lead Anchor #16-#18 x 1.5""",6600,,1300,exempt test,TRUE,TRUE,,,20148,10078,,,
4530OFF,,"PACKING TAPE CLEAR 2"" S-672",null,,24,exempt test,TRUE,TRUE,,,20124,18464,,,
4550BC,,3M SELF-STRIP BLOCK 4320 FOR CROSS-CONNECT CABINETS 48 INCHES,5000,,12,exempt test,TRUE,TRUE,,,20654,18506,,,
4570BC,,"CROSS CONNECT BLOCK, 4320-SSHCTO",5000,,68,exempt test,TRUE,TRUE,,,13688,10560,,,
4570BC,,"CROSS CONNECT BLOCK, 4320-SSHCTO",5000,,4,exempt test,TRUE,TRUE,,,24,144,,,
4590BC,,3M 4246 SPLICE CHAMBER COVER,5000,,11,exempt test,TRUE,TRUE,,,12,1368,,,
4600BC,,FIBER OPTIC CABLE LUBRICANT F-35 | polywater,1700,,12,exempt test,TRUE,TRUE,,,20522,18200,,,
4600BC,,FIBER OPTIC CABLE LUBRICANT F-35 | polywater,1800,,77,exempt test,TRUE,TRUE,,,32,4218,,,
4604BC,,SPRAY LUBRICANT PUSH FTTx-35LR | polywater,1800,,51,exempt test,TRUE,TRUE,,,19550,9282,,,
460FOOD,,EQUAL ZERO CALORIE SWEETENER 800 COUNT,5700,,3,exempt test,TRUE,TRUE,,,74,958,,,
460OSP,,LEAD ANCHOR #10-#14 x 1.5,6600,,1900,exempt test,TRUE,TRUE,,,40814,43320,,,
4610BC,,FIBER WARNING SIGNS (12X9),1900,,1251,exempt test,TRUE,TRUE,,,12038,2038,,,
462OFF,,RESPIRATOR MASK N95,14500,,336,exempt test,TRUE,TRUE,,,29860,39860,,,
4630BC,,"WARNING SIGN, BURIED CABLE, 9 x 12"" ALUMINUM",1900,,1382,exempt test,TRUE,TRUE,,,4,11726,,,
463OFF,,RESPIRATOR HALF FACE MEDIUM,14500,,37,exempt test,TRUE,TRUE,,,16008,16718,,,
4640BC,,WARNING SIGNS SPLICE,1900,,1419,exempt test,TRUE,TRUE,,,17484,15774,,,
4648BC,,SPLITTER HANDHOLE SIGN 6X14  WITH BOXES ALUMINUM,1900,,500,exempt test,TRUE,TRUE,,,36,2766,,,
464OFF,,PARTICULATE FILTER N95 5N11 10PACK,5700,,250,exempt test,TRUE,TRUE,,,4644,6348,,,
4650BC,,"PLASTIC WARNING SIGN ""HANDHOLE""",1900,,-1,exempt test,TRUE,TRUE,,,28,10654,,,
4651BC,,HANDHOLE SIGN 6X14  WITH BOXES ALUMINUM,1900,,1074,exempt test,TRUE,TRUE,,,10330,8602,,,
465OFF,,SURGICAL MASK,14500,,6837,exempt test,TRUE,TRUE,,,96,3134,,,
465OFF,,SURGICAL MASK,null,,1450,exempt test,TRUE,TRUE,,,2726,2482,,,
4660BC,,"STAKES, WARNING SIGN, (SMALL)",null,,172,exempt test,TRUE,TRUE,,,60,1598,,,
4665BC,,"STAKE, WARNING SIGN, (LARGE DARK GREEN)",null,,3,exempt test,TRUE,TRUE,,,60,1548,,,
4666BC,,SIGN POST GALVANIZED 8' UC8GLV,null,,87,exempt test,TRUE,TRUE,,,0,19934,,,
466OFF,,PARTICULATE MASK KN95 ,14500,,4050,exempt test,TRUE,TRUE,,,38,2018,,,
4670BC,,TAPE WARNING BURIED FIBER 1000ft SPOOL,4000,,19,exempt test,TRUE,TRUE,,,42,1028,,,
4671BC,,TAPE WARNING BURIED FIBER 6000ft SPOOL,4000,,35,exempt test,TRUE,TRUE,,,0,20032,,,
4680BC,,BRACKET SIGN SUPPORT 3137 | saver,1900,,5853,exempt test,TRUE,TRUE,,,348,20348,,,
4690BC,,UTILITY MARKER BURIED OMNI BALL,5000,,77,exempt test,TRUE,TRUE,,,26436,46,,,
4690OFF,,HAND CLEANING TOWELS KNUCKLES 79315 | bucket wipes,1800,,78,exempt test,TRUE,TRUE,,,58,630,,,
4694BC,,PERMA PATCH FINE MIX COLD PATCH 50LB | road repair asphalt,8500,,6,exempt test,TRUE,TRUE,,,20808,19298,,,
4710OFF,,RAINBOW 4742 KNUCKLES WATERLESS HAND CLEANER,1800,,-1,exempt test,TRUE,TRUE,,,10050,8764,,,
4720BC,,"RISER GUARD 1"" x 5'",null,,3,exempt test,TRUE,TRUE,,,4416,6038,,,
4730BC,,"RISER GUARD STEEL 1 1/8"" x 8' J984",null,,49,exempt test,TRUE,TRUE,,,21946,20962,,,
4730OFF,,WASP & ANT SPRAY 88500,1900,,70,exempt test,TRUE,TRUE,,,20400,19644,,,
4735OFF,,MULTI BUG KILLER SPRAY 4336 16oz,1700,,25,exempt test,TRUE,TRUE,,,30394,29152,,,
4735OFF,,MULTI BUG KILLER SPRAY 4336 16oz,1800,,1,exempt test,TRUE,TRUE,,,10062,9034,,,
4740BC,,"RISER GUARD STEEL 2"" X 8' J987",null,,54,exempt test,TRUE,TRUE,,,52,4418,,,
4750BC,,"RISER GUARD STEEL 3"" X 8' J989",null,,22,exempt test,TRUE,TRUE,,,7314,4370,,,
4750OFF,,INSECT REPELLENT 4501 | bug spray,1700,,95,exempt test,TRUE,TRUE,,,36784,36072,,,
4755BC,,"RISER GUARD 4"" x 8' W/FLANGE 5428",null,,47,exempt test,TRUE,TRUE,,,15078,14124,,,
4760BC,,"CABLE GUARD STRAP 1"" J995 | clete cleat strap",7000,,969,exempt test,TRUE,TRUE,,,15070,19646,,,
4770BC,,"CABLE GUARD STRAP 2"" J996 | clamp clete",7000,,229,exempt test,TRUE,TRUE,,,2,5004,,,
4780BC,,"CABLE GUARD STRAP 3"" J997 | clete strap",7000,,94,exempt test,TRUE,TRUE,,,5394,1544,,,
4810BC,,"CABLE CLAMP 1/4"" L-4 | clete strap",6800,,590,exempt test,TRUE,TRUE,,,10078,5570,,,
4810OFF,,RAINBOW UTILITY SUNSCREEN SPF 30,1700,,195,exempt test,TRUE,TRUE,,,2844,2,,,
4820BC,,"CABLE CLAMP ONE HOLE 3/16, L-3 | clete strap",6800,,1980,exempt test,TRUE,TRUE,,,14204,11028,,,
4830BC,,"CABLE CLAMP 5/16"" L-5 | clete strap",6800,,480,exempt test,TRUE,TRUE,,,11136,7048,,,
4830OFF,,RAINBOW 85000 SILICON SPRAY,null,,26,exempt test,TRUE,TRUE,,,30,2150,,,
4840BC,,CABLE CLAMP ONE HOLE 3/8 L-6 | clete strap,6800,,1244,exempt test,TRUE,TRUE,,,10170,6272,,,
4850BC,,CABLE CLAMP TWO HOLE 7/16 T-7 | clete strap,6800,,1643,exempt test,TRUE,TRUE,,,8,19866,,,
4860BC,,CABLE CLAMP ONE HOLE 1/2 L-8 | clete strap,6800,,825,exempt test,TRUE,TRUE,,,6,19594,,,
4870BC,,"CABLE CLAMP 9/16"" T-9 | clete strap",6800,,460,exempt test,TRUE,TRUE,,,8,19784,,,
4880BC,,CABLE CLAMP TWO HOLE 5/8 T-10 | t10 clete strap,6800,,1286,exempt test,TRUE,TRUE,,,11,20060,,,
4890BC,,"CABLE CLAMP, TWO HOLE, 3/4, T-12 | clete strap",6800,,1516,exempt test,TRUE,TRUE,,,18,20154,,,
4890OFF,,GLASS CLEANER SPRAY,1700,,96,exempt test,TRUE,TRUE,,,26166,25636,,,
4900BC,,CABLE CLAMP TWO HOLE 7/8 T-14 | clete strap,6800,,4609,exempt test,TRUE,TRUE,,,5178,2232,,,
490FOOD,,IODIZED SALT & PEPPER SHAKER PACK,5500,,68,exempt test,TRUE,TRUE,,,41636,36636,,,
4910BC,,"CABLE CLAMP TWO HOLE 1"" T-16 | clete strap",7000,,151,exempt test,TRUE,TRUE,,,36636,31636,,,
4910OFF,,WINDSHIELD DE-ICER,1700,,-6,exempt test,TRUE,TRUE,,,31636,26636,,,
4915BC,,"CABLE CLAMP TWO HOLE 1-1/8"" T-18 | clete strap",7000,,35,exempt test,TRUE,TRUE,,,3220,4,,,
4920BC,,"CABLE CLAMP TWO HOLE 1 1/4"" T-20 | clete strap",7000,,408,exempt test,TRUE,TRUE,,,16358,16130,,,
4930BC,,"CABLE CLAMP TWO HOLE 1-1/2"" T-24 | clete strap",7000,,369,exempt test,TRUE,TRUE,,,33632,33438,,,
4930OFF,,"RAINBOW LENS CLEANER, 4301",5900,,90,exempt test,TRUE,TRUE,,,54218,54016,,,
4940BC,,"CABLE CLAMP TWO HOLE 1-7/8"" T-30 | clete strap t30",7000,,589,exempt test,TRUE,TRUE,,,56218,55948,,,
4941BC,,"CABLE CLAMP-ONE HOLE 1"" L-16 | clete strap",7000,,1816,exempt test,TRUE,TRUE,,,5176,4972,,,
4941OFF,,HAND SANITIZER GEL 7.5oz 01585,null,,-8,exempt test,TRUE,TRUE,,,21166,19478,,,
4942BC,,"CABLE CLAMP-ONE HOLE 1 1/4"" L-20",7000,,450,exempt test,TRUE,TRUE,,,10084,9894,,,
495FOOD,,BAKING SODA 8oz,5500,,-2,exempt test,TRUE,TRUE,,,29672,28672,,,
4960BC,,FENCE WIRE SLEEVES #14.5-15.5 FW-1-2,2400,,500,exempt test,TRUE,TRUE,,,31672,30672,,,
496FOOD,,BAKING SODA 16oz,5500,,4,exempt test,TRUE,TRUE,,,30672,29672,,,
4970BC,,FENCE WIRE SLEEVES #12.5 FW-2-3,2400,,696,exempt test,TRUE,TRUE,,,34672,33672,,,
4980BC,,FENCE WIRE SLEEVES #14-15.5 FW-3-4,2400,,700,exempt test,TRUE,TRUE,,,33672,32672,,,
4990BC,,FENCE WIRE SLEEVES #12.5-13.5 FW-4-5,2400,,500,exempt test,TRUE,TRUE,,,35672,34672,,,
5010BC,,"STUB POLE, BA-4, 10'",null,,105,exempt test,TRUE,TRUE,,,32672,31672,,,
5020TOOL,,VOLTAGE DETECTOR NON-CONTACT GT-13,12200,,4,exempt test,TRUE,TRUE,,,15264,10264,,,
5030TOOL,,"GLO STIX KIT, 18', 540-18",12000,,14,exempt test,TRUE,TRUE,,,10902,5902,,,
5040TOOL,,"GLO STIX KIT, 15' 540-15 | fish",12000,,4,exempt test,TRUE,TRUE,,,20902,15902,,,
5050TOOL,,TWINE POLY LINE 6500' 430-6500 | pulling string jet,3200,,12,exempt test,TRUE,TRUE,,,15902,10902,,,
505FOOD,,Miss Vickie's Potato Chips Variety Pack 30 pk. 980315559,null,,-4,exempt test,TRUE,TRUE,,,5902,982,,,
505FOOD,,Miss Vickie's Potato Chips Variety Pack 30 pk. 980315559,null,,-2,exempt test,TRUE,TRUE,,,1244,194,,,
5090TOOL,,SHOVEL SHARP SHOOTER DRAIN SPADE,12000,,7,exempt test,TRUE,TRUE,,,10262,9262,,,
5100TOOL,,"BUCKET TRUCK TOOL TRAY P/N 1TB, GRAY",12500,,3,exempt test,TRUE,TRUE,,,4250,3250,,,
510FOOD,,SUNCHIPS VARIETY MIX 1.5 OZ,null,,-4,exempt test,TRUE,TRUE,,,8258,7258,,,
510FOOD,,SUNCHIPS VARIETY MIX 1.5 OZ,null,,-2,exempt test,TRUE,TRUE,,,5252,4252,,,
511FOOD,,CHEETOS CRUNCHY CHIPS,null,,1,exempt test,TRUE,TRUE,,,6264,5264,,,
515FOOD,,NV SWEET AND SALTY ALMOND GRANOLA BARS,null,,3,exempt test,TRUE,TRUE,,,20266,15266,,,
5160BC,,"PVC CONDUIT 2""",null,,4880,exempt test,TRUE,TRUE,,,25268,20268,,,
520FOOD,,NV FRUIT AND NUT CHEWY TRAIL MIX GRANOLA,null,,3,exempt test,TRUE,TRUE,,,25902,20902,,,
5220BC,,"PLOWDUCT, 2""",null,,1707,exempt test,TRUE,TRUE,,,7284,5834,,,
5220BC,,"PLOWDUCT, 2""",null,,2270,exempt test,TRUE,TRUE,,,36672,35672,,,
5220BC,,"PLOWDUCT, 2""",null,,570,exempt test,TRUE,TRUE,,,27790,26790,,,
5220BC,,"PLOWDUCT, 2""",null,,2500,exempt test,TRUE,TRUE,,,20344,19152,,,
5222BC,,"PLOWDUCT 1.25"" TONABLE",40000,,5000,exempt test,TRUE,TRUE,,,11344,11148,,,
5223BC,,"PLOWDUCT 1.25"" FIGURE 8",41000,,2040,exempt test,TRUE,TRUE,,,12344,12148,,,
5229PAD,,MESA SPORT CONCRETE FLAT PAD,null,,3,exempt test,TRUE,TRUE,,,9874,8874,,,
5230BC,,"COUPLER ALUMINUM BARBED 1.25"" | coupling 5230bc",null,,369,exempt test,TRUE,TRUE,,,55218,54766,,,
5232BC,,"1 1/2"" ALUMINUM PLOWDUCT COUPLING | coupler",5200,,114,exempt test,TRUE,TRUE,,,29512,28512,,,
5235BC,,"DUCT END CAP 1""",5500,,442,exempt test,TRUE,TRUE,,,28790,27790,,,
5250BC,,"1/4"" x 2"" MACH BOLT",1900,,1,exempt test,TRUE,TRUE,,,30512,29512,,,
525FOOD,,NV OATS AND HONEY CRUNCHY GRANOLA BARS,null,,-1,exempt test,TRUE,TRUE,,,4108,3906,,,
5290BC,,"3/16"" x 2"" MACH BOLT",1900,,2,exempt test,TRUE,TRUE,,,2856,1856,,,
530FOOD,,KELLOGGS POP TARTS FROSTED STRAWBERRY,null,,-1,exempt test,TRUE,TRUE,,,2,1002,,,
530OFF,,"SUPER HI-POLYMER LEAD REFILLS, 0.9mm",11500,,5,exempt test,TRUE,TRUE,,,17060,22060,,,
530OSP,,E DROP WIRE CLAMP 2 PAIR 23-80361 | e clip,2600,,3310,exempt test,TRUE,TRUE,,,17762,17954,,,
5320BC,,"5/16"" X 2"" BOLT",1900,,100,exempt test,TRUE,TRUE,,,3248,3154,,,
5325BC,,"HEX BOLT COARSE 5/16 x 2 1/2""",1900,,3800,exempt test,TRUE,TRUE,,,12328,11510,,,
5330BC,,"FLAT WASHER ZINC USS 5/16""",1900,,6136,exempt test,TRUE,TRUE,,,16880,13814,,,
5340BC,,"LOCK WASHER SPLIT ZINC 5/16""",1900,,2971,exempt test,TRUE,TRUE,,,10000,5000,,,
5341BC,,"LOCK WASHER SPLIT ZINC 1/4""",1900,,300,exempt test,TRUE,TRUE,,,21880,16902,,,
5350BC,,"HEX NUT FINISHED ZINC 5/16""",1900,,2982,exempt test,TRUE,TRUE,,,25000,20000,,,
535FOOD,,KIND MINIS VARIETY PACK,null,,9,exempt test,TRUE,TRUE,,,20000,15000,,,
5360BC,,LUBRICANT FIBER OPTIC PRELUBE P-35,1800,,86,exempt test,TRUE,TRUE,,,5000,990,,,
5370BC,,"CHARLES 6""HI VIZ KAP ORANGE",8200,,200,exempt test,TRUE,TRUE,,,7058,7334,,,
5372BC,,"CHARLES 8"" HI VIZ KAP ORANGE",null,,199,exempt test,TRUE,TRUE,,,10116,15680,,,
5376BC,,"SCOTCH CABLE JACKET REPAIR TAPE 2""X6'",5600,,42,exempt test,TRUE,TRUE,,,28,868,,,
5378BC,,"SPLIT-DUCT CONDUIT P15F 1.5""",null,,96,exempt test,TRUE,TRUE,,,10290,9666,,,
5381BC,,"SPLIT-DUCT CONDUIT P125F 1.25""",5200,,87,exempt test,TRUE,TRUE,,,46,1466,,,
540FOOD,,KARS SWEET AND SALTY MIX,null,,2,exempt test,TRUE,TRUE,,,25712,30814,,,
540OSP,,E-DROP WIRE CLAMP 6 PAIR 23-83361,2600,,2915,exempt test,TRUE,TRUE,,,66610,66172,,,
540TOOL,,K SCISSOR POUCHES #5100/5101/5102L,12500,,8,exempt test,TRUE,TRUE,,,26914,16914,,,
545FOOD,,NV PEANUT BUTTER DARK CHOCOLATE PROTEIN,null,,-1,exempt test,TRUE,TRUE,,,0,5614,,,
545FOOD,,NV PEANUT BUTTER DARK CHOCOLATE PROTEIN,null,,-1,exempt test,TRUE,TRUE,,,5004,10004,,,
550TOOL,,UP-B36 SLITTER,null,,2,exempt test,TRUE,TRUE,,,20350,18430,,,
555FOOD,,KELLOGGS RICE KRISPIE TREATS,null,,-1,exempt test,TRUE,TRUE,,,28,1660,,,
5590UC,,3M 4008 G HALF TAP MOD.,2800,,108,exempt test,TRUE,TRUE,,,10548,8324,,,
5600UC,,3M 4003 B CONN. COVER,2800,,96,exempt test,TRUE,TRUE,,,19852,16308,,,
560FOOD,,REESES PEANUT BUTTER CUPS,null,,-3,exempt test,TRUE,TRUE,,,6604,8630,,,
560FOOD,,REESES PEANUT BUTTER CUPS,null,,-3,exempt test,TRUE,TRUE,,,0,10018,,,
560OFF,,PENTEL PPR-9 RED LEAD REFILLS 0.9MM,11100,,2,exempt test,TRUE,TRUE,,,10022,20040,,,
5610UC,,3M 4002 G CONN. BODY,2800,,96,exempt test,TRUE,TRUE,,,15194,20194,,,
5620UC,,CONNECTOR MODULE 4000-G,2800,,112,exempt test,TRUE,TRUE,,,76,1144,,,
5620UC,,CONNECTOR MODULE 4000-G,2800,,312,exempt test,TRUE,TRUE,,,20410,14790,,,
5621OFF,,"LABEL CARTRIDGE WH/BK 0.75""",11100,,3,exempt test,TRUE,TRUE,,,5574,4,,,
5622OFF,,"LABEL CARTRIDGE BK/YW 0.75""",11100,,2,exempt test,TRUE,TRUE,,,30,2068,,,
5630UC,,SUPER-MINI MODULE 4000-C/TR,2800,,132,exempt test,TRUE,TRUE,,,18102,15942,,,
5630UC,,SUPER-MINI MODULE 4000-C/TR,2800,,324,exempt test,TRUE,TRUE,,,10206,6950,,,
5640UC,,SPLICE CONNECTOR MODULE 22-28 AWG,2800,,451,exempt test,TRUE,TRUE,,,38,1076,,,
5640UC,,SPLICE CONNECTOR MODULE 22-28 AWG,2800,,2,exempt test,TRUE,TRUE,,,36,990,,,
5650UC,,3M MS2 4000 DWP MOD./SEALANT B,2800,,37,exempt test,TRUE,TRUE,,,5036,5856,,,
5650UC,,3M MS2 4000 DWP MOD./SEALANT B,2800,,468,exempt test,TRUE,TRUE,,,4986,4032,,,
565FOOD,,M&M PEANUT CHOCOLATE CANDY,null,,-2,exempt test,TRUE,TRUE,,,5526,526,,,
565FOOD,,M&M PEANUT CHOCOLATE CANDY,null,,-3,exempt test,TRUE,TRUE,,,14428,9428,,,
566FOOD,,M&M MILK CHOCOLATE CANDY,null,,-2,exempt test,TRUE,TRUE,,,5522,522,,,
566FOOD,,M&M MILK CHOCOLATE CANDY,null,,-1,exempt test,TRUE,TRUE,,,18,20040,,,
5700UC,,3M 4075 SEALANT BOX,2800,,24,exempt test,TRUE,TRUE,,,50,496,,,
570FOOD,,KIT KAT WAFER BARS,null,,-3,exempt test,TRUE,TRUE,,,66,346,,,
570FOOD,,KIT KAT WAFER BARS,null,,-3,exempt test,TRUE,TRUE,,,10300,8552,,,
5710UC,,MS PLUGGABLE MODULE SEALANT BOX,2800,,507,exempt test,TRUE,TRUE,,,5452,452,,,
5710UC,,MS PLUGGABLE MODULE SEALANT BOX,2800,,314,exempt test,TRUE,TRUE,,,10000,9178,,,
571FOOD,,SKITTLES ORIGINAL CANDY,null,,2,exempt test,TRUE,TRUE,,,15010,10012,,,
5720UC,,MULE TAPE 3000' REEL 10728,4500,,71997,exempt test,TRUE,TRUE,,,31274,28254,,,
572FOOD,,STARBURST ORIGINAL FRUIT CHEWS,null,,-1,exempt test,TRUE,TRUE,,,20266,18816,,,
572FOOD,,STARBURST ORIGINAL FRUIT CHEWS,null,,-1,exempt test,TRUE,TRUE,,,5084,0,,,
5740UC,,"END PLATE KIT, 4""",5000,,5,exempt test,TRUE,TRUE,,,21080,25420,,,
5750UC,,"PREF. END PLATE KIT 6.5""",5000,,4,exempt test,TRUE,TRUE,,,6,14190,,,
575FOOD,,TWIX CHOCOLATE COOKIE BARS,null,,-1,exempt test,TRUE,TRUE,,,10400,9678,,,
575FOOD,,TWIX CHOCOLATE COOKIE BARS,null,,-2,exempt test,TRUE,TRUE,,,26,386,,,
5760UC,,3 SECTION END PLATE KIT | three preformed,5000,,6,exempt test,TRUE,TRUE,,,0,6470,,,
5761UC,,"12.5""SPLICE CASE 3-SECTION END PLATE KIT",5000,,4,exempt test,TRUE,TRUE,,,28,4988,,,
5780UC,,"CABLE RACK J-5132 7.5""",5200,,9,exempt test,TRUE,TRUE,,,0,20002,,,
5800UC,,"CABLE RACK J5134A 14""",5200,,30,exempt test,TRUE,TRUE,,,4902,5652,,,
5801UC,,"SPRSTRUT BRACKET 10 1/2"" 5205 | 10.50""",1600,,11,exempt test,TRUE,TRUE,,,20584,20308,,,
5802UC,,"SPRING NUT 1/4"" X 1 1/4""  | unistrut ",1500,,40,exempt test,TRUE,TRUE,,,18,1020,,,
580TOOL,,OK WIRE STRIPPING TOOL #OK3907,null,,1,exempt test,TRUE,TRUE,,,78,7366,,,
585FOOD,,NV SWEET AND SALTY PEANUT GRANOLA BARS,null,,3,exempt test,TRUE,TRUE,,,35864,32168,,,
5860LT,,"AFL CS/APC ADAPTER
PN:CS009394 SM SIMPLEX FLANGELES GREEN",3300,,69,exempt test,TRUE,TRUE,,,26146,21146,,,
5874LT,,ESPI WALL TRANSFORMER WW-1500 | wall plug backup battery,7300,,38,exempt test,TRUE,TRUE,,,31146,26146,,,
5876LT,,ESPI TLX-1500 ONT UPS 28 HR BACKUP | 24 hour,3800,,8,exempt test,TRUE,TRUE,,,36146,31146,,,
5878LT,,CALIX 740 SERIES ONT ENCLOSURE 100-03395,8400,,8,exempt test,TRUE,TRUE,,,5620,10620,,,
5878LT,,CALIX 740 SERIES ONT ENCLOSURE 100-03395,9000,,14,exempt test,TRUE,TRUE,,,7074,2074,,,
5879LT,,NON UPS POWER SUPPLY 12V 2.5AMP,null,,220,exempt test,TRUE,TRUE,,,618,5618,,,
5880LT,,ONT INDOOR UPS 12V 7.2AH 100-04068 | (power cord 5877lt-4ft 5875lt-10ft),3800,,4,exempt test,TRUE,TRUE,,,10622,15622,,,
5881LT,,CALIX INDOOR ONT,null,,40,exempt test,TRUE,TRUE,,,10678,9758,,,
5882LT,,CALIX ONT POWER TERMINATION STRIP PLUG,7400,,539,exempt test,TRUE,TRUE,,,20504,19450,,,
5883LT,,ONT POWER CABLE,3300,,18999,exempt test,TRUE,TRUE,,,18520,11774,,,
5884LT,,CALIX E3-48VDC CABLE,null,,2,exempt test,TRUE,TRUE,,,23530,13530,,,
5885LT,,CALIX DIRECT ATTACH SFP 0.5M,null,,2,exempt test,TRUE,TRUE,,,17258,7258,,,
5886LT,,CALIX PS 700GE INDOOR 15V,null,,253,exempt test,TRUE,TRUE,,,40864,39998,,,
5891LT,,CALIX UPS SFU INDOOR-BATTERY 12V 20AH 30,null,,10,exempt test,TRUE,TRUE,,,60864,56794,,,
5893LT,,ARIA 6XLGX W-R BRACKET B-OT,7400,,3,exempt test,TRUE,TRUE,,,92,4414,,,
5894OFF,,BANKERS BOX STORAGE BOX FEL00703,null,,31,exempt test,TRUE,TRUE,,,10386,10000,,,
5895LT,,3XLGX W-R BRACKET B-OT,7400,,1,exempt test,TRUE,TRUE,,,25280,25120,,,
5896OFF,,"BANKERS BOX FILE STORAGE BOX, FEL00701",null,,5,exempt test,TRUE,TRUE,,,10260,9996,,,
5897LT,,LGX FIBERPATCH SHROUD AFP-LGX-SHROUD,7400,,18,exempt test,TRUE,TRUE,,,9896,10312,,,
5899LT,,ARIA 2XLGXWMBRACKET-B-OT,7400,,1,exempt test,TRUE,TRUE,,,15302,14700,,,
5900LT,,WALL OUTLET SURFACE MOUNT ONE PASS | apc wall jack fiber plate,7200,,373,exempt test,TRUE,TRUE,,,20304,18742,,,
5900OFF,,X-ACTO LIGHT-DUTY KNIFE,null,,-1,exempt test,TRUE,TRUE,,,20292,15292,,,
5902LT,,FIBER JUMPER BLK-GRN 3MTR 3MM SCA/SCA SM | apc green,7500,,754,exempt test,TRUE,TRUE,,,5014,14,,,
5903LT,,FIBER JUMPER 3MTR SC/APC SC/APC SM DPLX,7300,,227,exempt test,TRUE,TRUE,,,15066,10066,,,
5904LT,,PWGR 16/2 1000FT ESPi POWER CABLE | ont wire,8400,,1,exempt test,TRUE,TRUE,,,15102,10102,,,
5905LT,,GOLDTOP GT12080-HG BATTERY 12V 8Ah | espi,3800,,86,exempt test,TRUE,TRUE,,,25352,20352,,,
5905OFF,,OFFICEMATE TWIN PENCIL/CRAYON SHARPENER,null,,-1,exempt test,TRUE,TRUE,,,10062,5062,,,
590CART,,"CANON BLACK INK CARTRIDGE, 0616B002AA",null,,-1,exempt test,TRUE,TRUE,,,14991,0,,,
590OFF,,PENTEL PPB-9 BLUE LEAD REFILLS 0.9MM,11100,,30,exempt test,TRUE,TRUE,,,30575,0,,,
590OSP,,"DRIVE RING 1/2"" 30-00801",2400,,625,exempt test,TRUE,TRUE,,,122,682,,,
5910OFF,,DOOR STOP MAS00969,null,,-1,exempt test,TRUE,TRUE,,,62,572,,,
5913LT,,"BARE PLC SPLITTER 1X16, 250um",null,,1,exempt test,TRUE,TRUE,,,16968,15704,,,
5914LT,,"BARE PLC SPLITTER 1X32, 250um",null,,50,exempt test,TRUE,TRUE,,,34,620,,,
5916LT,,LGX CASSETTE 1X4 SPLITTER SC/APC,null,,39,exempt test,TRUE,TRUE,,,39496,38902,,,
5918LT,,MINI MODULE 1X2 SPLITTER SC/APC 900um,null,,66,exempt test,TRUE,TRUE,,,11968,11336,,,
5921LT,,PIGTAIL ABS SPLITTER 1X64 SC/APC IN/OUT,null,,10,exempt test,TRUE,TRUE,,,42,5250,,,
5930OFF,,US FLAG OUTDOOR NYLON 5x8' NUS58,null,,-1,exempt test,TRUE,TRUE,,,39968,38280,,,
5930OFF,,US FLAG OUTDOOR NYLON 5x8' NUS58,null,,10,exempt test,TRUE,TRUE,,,20074,19502,,,
5932OFF,,US FLAG OUTDOOR NYLON 6x10' NUS610,null,,4,exempt test,TRUE,TRUE,,,4,20014,,,
5933OFF,,TEXAS FLAG OUTDOOR NYLON 5x8' 2422131,null,,5,exempt test,TRUE,TRUE,,,39470,36722,,,
5933OFF,,TEXAS FLAG OUTDOOR NYLON 5x8' 2422131,null,,10,exempt test,TRUE,TRUE,,,30092,28934,,,
5945LT,,3M SCOTCHLOK SHIELD BOND CONNECTOR ASSEM,5400,,492,exempt test,TRUE,TRUE,,,30148,29276,,,
5950LT,,T1 MINI-SPAN LINE REPEATER,3100,,232,exempt test,TRUE,TRUE,,,36,1340,,,
5951DP,,FTTP TONE 2 DROP FIBER 900um W7002K101 | ,null,,199,exempt test,TRUE,TRUE,,,40,740,,,
5951DP,,FTTP TONE 2 DROP FIBER 900um W7002K101 | ,null,,187,exempt test,TRUE,TRUE,,,19702,18862,,,
5951DP,,FTTP TONE 2 DROP FIBER 900um W7002K101 | ,null,,349,exempt test,TRUE,TRUE,,,40270,21264,,,
5951DP,,FTTP TONE 2 DROP FIBER 900um W7002K101 | ,null,,530,exempt test,TRUE,TRUE,,,42,1130,,,
5951DP,,FTTP TONE 2 DROP FIBER 900um W7002K101 | ,null,,146,exempt test,TRUE,TRUE,,,4,866,,,
5951DP,,FTTP TONE 2 DROP FIBER 900um W7002K101 | ,null,,488,exempt test,TRUE,TRUE,,,40338,39320,,,
5951DP,,FTTP TONE 2 DROP FIBER 900um W7002K101 | ,null,,2500,exempt test,TRUE,TRUE,,,1600,1950,,,
5951DP,,FTTP TONE 2 DROP FIBER 900um W7002K101 | ,null,,2500,exempt test,TRUE,TRUE,,,44,468,,,
5951DP,,FTTP TONE 2 DROP FIBER 900um W7002K101 | ,null,,5046,exempt test,TRUE,TRUE,,,30354,29612,,,
5953AF,,ALUMINUM DAMPER SI-2302,1500,,4,exempt test,TRUE,TRUE,,,46,2338,,,
5954AF,,TRAY FOSC-ACC-AB-TRAY-12-RBN | ribbon,5300,,17,exempt test,TRUE,TRUE,,,44,400,,,
5955AF,,TRAY FOSC-ACC-C-TRAY-RIBN-18 | ribbon,null,,57,exempt test,TRUE,TRUE,,,40280,38802,,,
5955AF,,TRAY FOSC-ACC-C-TRAY-RIBN-18 | ribbon,null,,35,exempt test,TRUE,TRUE,,,40098,38994,,,
5955DP,,PEDESTAL FIBER PLASTIC BDO 4,null,,21,exempt test,TRUE,TRUE,,,8102,8600,,,
5956AF,,TRAY FOSC-ACC-D-TRAY-RIBN-24 | ribbon,5300,,-5,exempt test,TRUE,TRUE,,,10088,9520,,,
5956LT,,TYCON 1224G DC POE TP-DCDC-1224G,null,,10,exempt test,TRUE,TRUE,,,78,1012,,,
5957AF,,FAST-SC-SMAU FIELD-INSTALLABLE CONNECTOR | green afl fiber,7000,,3238,exempt test,TRUE,TRUE,,,20008,19586,,,
5958AF,,FAST-SC-SM FIELD-INSTALLABLE CONNECTOR | blue afl fiber,7200,,685,exempt test,TRUE,TRUE,,,90,1408,,,
5958LT,,TYCON 2824G DC POE TP-DCDC-4824G,null,,6,exempt test,TRUE,TRUE,,,40118,39134,,,
5959AF,,CS OTE-M STRAND BRACKET,9500,,15,exempt test,TRUE,TRUE,,,39550,38874,,,
5960AF,,TELECOM FIBER CLEANING WIPE TC-1 | ,7000,,491,exempt test,TRUE,TRUE,,,30,2498,,,
5960LT,,UBNT 5GHz LITEBEAM AC GEN2 23dBi US,7900,,2,exempt test,TRUE,TRUE,,,72,1610,,,
5962LT,,"CALIX HOLE PLUG KIT E3-48
CALIX HOLE PLUG KIT E3-48 (4)PG-13 PLUGS
100-03224",null,,49,exempt test,TRUE,TRUE,,,0,768,,,
5963AF,,FIBER OPTIC CLEANING SOLUTION 4010 | alcohol,7200,,34,exempt test,TRUE,TRUE,,,96,658,,,
5964AF,,3M SC/APC SM SIMPLEX COUPLING 8310G | coupler,7200,,307,exempt test,TRUE,TRUE,,,39618,37766,,,
5964LT,,"CALIX E3-48C CABLE ASY 50PR CAT5 2RJ-21 TOMS2 w/PG36 COMP GLAN (AERIAL/DIRECT BURY)
100-04617",null,,12,exempt test,TRUE,TRUE,,,39974,20058,,,
5966AF,,TYCO FOSC C SPLICE TRAY,5100,,53,exempt test,TRUE,TRUE,,,10128,9132,,,
5967AF,,3M 8700-AT/UPC CRIMPLOK + SC/UPC CNCTR,7200,,709,exempt test,TRUE,TRUE,,,30518,29598,,,
5968AF,,CONNECTOR CRIMPLOK SC/APC 8700-AT/APC,7200,,600,exempt test,TRUE,TRUE,,,4,7608,,,
5969AF,,AERIAL OFFSET HANGER BRACKET AC-HB4,7200,,328,exempt test,TRUE,TRUE,,,20104,16372,,,
5970AF,,FOSC 450 GEL DROP SEAL CZ3388-000,7400,,180,exempt test,TRUE,TRUE,TRUE,,,96,,,
5970OFF,,WHITE LITERATURE MAILERS S-8343,null,,40,exempt test,TRUE,TRUE,,,,0,,,
5971AF,,CONNECTORS NO POLISH LC APC SM#8830APCFS,7400,,84,exempt test,TRUE,TRUE,TRUE,,,0,,,
5972AF,,FIBER DOME CABLE ENTRY PORT KIT | mst,7400,,99,exempt test,TRUE,TRUE,,,,5000,,,
5972AF,,FIBER DOME CABLE ENTRY PORT KIT | mst,7500,,270,exempt test,TRUE,TRUE,,,,2500,,,
5973AF,,CONNECTOR NO POLISH SC/SM (BLUE) (REPLACED BY 5958AF),7200,,130,exempt test,TRUE,TRUE,,,,2500,,,
5975AF,,"TYCO SPLICE TRAY, FOSC-ACC-A-TRAY-24-KIT",5100,,45,exempt test,TRUE,TRUE,,,,2500,,,
5976AF,,FOSC 400/450 B SPLICE TRAY 863927-000,5100,,147,exempt test,TRUE,TRUE,,,,2500,,,
5977AF,,TYCO FOSC D SPLICE TRAY 915167-000,5100,,31,exempt test,TRUE,TRUE,,,,2500,,,
5978AF,,"FIBER MULTIPLE WRAP UNIT SNO-SHOE SLACKLOOP 18"" | snow snowshoes pmssa",3900,,48,exempt test,TRUE,TRUE,,,,964,,,
5978AF,,"FIBER MULTIPLE WRAP UNIT SNO-SHOE SLACKLOOP 18"" | snow snowshoes pmssa",4000,,27,exempt test,TRUE,TRUE,,,,,,,
5979AF,,MOUNTING BRACKET FOR FOSC450 CLOSURE | tyco metal aerial hanger strand,8000,,59,exempt test,TRUE,TRUE,,,,2500,,,
5980AF,,FOSC ACCESSORY SEALING KIT,7200,,77,exempt test,TRUE,TRUE,,,,2500,,,
5981AF,,"FIBER OPTIC SPLICE CLOSURES, 1F6818-000",7200,,11,exempt test,TRUE,TRUE,,,,2500,,,
5982AF,,TALL B BASKET,7200,,10,exempt test,TRUE,TRUE,,,,2500,,,
5983AF,,6 FIBER SC/UPC BREAKOUT CABLE 25 M,7400,,21,exempt test,TRUE,TRUE,,,,2500,,,
5985AF,,"SINGLE FUSION SPLICE INSERT, 3MM",7200,,109,exempt test,TRUE,TRUE,,,,2500,,,
5986AF,,"3M CABLE ENTRY BRACKET, 2 PORT",7200,,35,exempt test,TRUE,TRUE,,,,2500,,,
5988AF,,3M LARGE FBR SPLICE ORGANIZER TRAY,7200,,11,exempt test,TRUE,TRUE,,,,2500,,,
5989AF,,CUSTOMER TERMINATION BOX DE-6200-4253-6,7200,,42,exempt test,TRUE,TRUE,,,,2500,,,
5990AF,,3M FUSION SPLICE INSERT | sleeve,7200,,41,exempt test,TRUE,TRUE,,,,2500,,,
5992AF,,6 FIBER LC/UPC BREAKOUT CABLE 25 M,7400,,9,exempt test,TRUE,TRUE,,,,2500,,,
5993AF,,"""HCTC FIBER DO NOT CUT"" WARNING LABEL | sticker",1900,,6649,exempt test,TRUE,TRUE,,,,2500,,,
5995LT,,1.5m (5ft) LC UPC 12 FIBERS OS2 SINGLE M,null,,6,exempt test,TRUE,TRUE,,,,2500,,,
5997LT,,MIMOSA NID ESD GE SURGE ARRESTOR,null,,-35,exempt test,TRUE,TRUE,,,,2500,,,
5997LT,,MIMOSA NID ESD GE SURGE ARRESTOR,null,,93,exempt test,TRUE,TRUE,,,,2500,,,
5999AF,,INDOOR/OUTDOOR 4FBR BREAKOUT CABLE 30M,7300,,15,exempt test,TRUE,TRUE,,,,2500,,,
5999LT,,UBNT FIBERPOE G2 PN F-POE-G2,null,,3,exempt test,TRUE,TRUE,,,,2500,,,
6000AF,,CLOSURE DROP TERMINAL KIT COYDTC-001 gator,7400,,33,exempt test,TRUE,TRUE,,,,2500,,,
6000LT,,CALIX INDOOR UPS CORD 7 PIN TO 2 PIN 800 GC 3M BLACK PN 100-04236,8000,,29,exempt test,TRUE,TRUE,,,,2500,,,
6000TOOL,,EAZYPOWER 86252 1/8 HEX SECURITY DRIVER,11200,,5,exempt test,TRUE,TRUE,,,,2500,,,
6001ABF,,BRACKET STRAND MOUNT,null,,100,exempt test,TRUE,TRUE,,,,2500,,,
6001LT,,CALIX UPS POWER CORD 7PIN 10FT 100-04188,7900,,50,exempt test,TRUE,TRUE,,,,2500,,,
6002ABF,,EV TERMINAL HH BRACKET | evolv,null,,50,exempt test,TRUE,TRUE,,,,2500,,,
6003ABF,,PUSHLOK OPTTAP CONVERTER KIT | evolv to comscope adapter,7900,,533,exempt test,TRUE,TRUE,,,,2500,,,
6003LT,,"APC UPS BATTERY BACKUP & SURGE PROTECTOR, 600VA Backup Battery Power Supply, BE600M1 Back-UPS with USB Charger Port",null,,13,exempt test,TRUE,TRUE,,,,1000,,,
6004ABF,,"OPTITIP ASSEMBLIES, OPTITIP NON-PINNED TO OPTITIP PINNED, SST-DROP OUTDOOR CABLE EXTENDER M1M212EB1D1E100F-P",null,,10,exempt test,TRUE,TRUE,,,,1000,,,
6005LT,,SITE PRO PIPE-PIPE CLAMP SETS ACP10K,9100,,1,exempt test,TRUE,TRUE,,,20122,25122,,,
6006LT,,TYCON GIGABIT POE DC TO DC CONVERTER TP-DCDC-4848G-HP,null,,3,exempt test,TRUE,TRUE,,,,,,,
600FOOD,,Planters Nuts Cashews and Peanuts Variety Pack 24 pk. 599047,null,,-1,exempt test,TRUE,TRUE,,,,2500,,,
600FOOD,,Planters Nuts Cashews and Peanuts Variety Pack 24 pk. 599047,null,,-2,exempt test,TRUE,TRUE,,,,2500,,,
600OSP,,"DRIVE RING 5/8"" 30-00804",2400,,875,exempt test,TRUE,TRUE,,,,2500,,,
6010BF,,Tii TECH SLIM PATCH DROP,8200,,4,exempt test,TRUE,TRUE,,,,2500,,,
6010MISC,,"T-ADAPTER, 4 CONDUCTOR",3300,,100,exempt test,TRUE,TRUE,,,,,,,
6012LT,,Calix E3-2 Desiccant  Replacement Kit,null,,10,exempt test,TRUE,TRUE,,,,,,,
6013LT,,"ePhone Power Supply 
5060-3425",null,,13,exempt test,TRUE,TRUE,,,,,,,
6014LT,,"FXS Gateway, 1-Port, Model: TA100 5000-0",null,,6,exempt test,TRUE,TRUE,,,,4500,,,
6020OFF,,ICE MELT 50 LB BAG S-7125,null,,10,exempt test,TRUE,TRUE,,,,2500,,,
6021DP,,CS FIBER OPTIC DROP 200FT TONEABLE HCA-H01B-0200FL || cs drop 200ft ,8200,,24,exempt test,,,,,,,,,
6021DP,,CS FIBER OPTIC DROP 200FT TONEABLE HCA-H01B-0200FL || cs drop 200ft ,9400,,16,exempt test,,,,,,,,,
6021DP,,CS FIBER OPTIC DROP 200FT TONEABLE HCA-H01B-0200FL || cs drop 200ft ,null,,48,exempt test,,,,,,,,,
602OFF,,EBERHARD-FABER ARROWHEAD 73015 ERASER,11100,,70,exempt test,,,,,,,,,
602OSP,,"DRIVE RING 7/8"" 30-00805",2600,,325,exempt test,,,,,,,,,
6030MISC,,INLINE CORD COUPLER | coupling,3100,,100,exempt test,,,,,,,,,
6031MISC,,RADIO INTERFERENCE FILTER,3100,,8,exempt test,,,,,,,,,
605FOOD,,CHEX MIX TRADITIONAL SAVORY SNACK MIX,null,,2,exempt test,,,,,,,,,
6080TOOL,,GRIP LASHING WIRE CLAMP 08605,12200,,10,exempt test,,,,,,,,,
6081DP,,CS FIBER OPTIC DROP 800FT TONEABLE HCA-H01B-0800FL,9200,,16,exempt test,,,,,,,,,
6081DP,,CS FIBER OPTIC DROP 800FT TONEABLE HCA-H01B-0800FL,null,,72,exempt test,,,,,,,,,
6090TOOL,,JAB SAW KLEIN 725 | sheetrock drywall,11800,,7,exempt test,,,,,,,,,
610FOOD,,GARDETTOS ORIGINAL RECIPE SNACK MIX,null,,-2,exempt test,,,,,,,,,
610FOOD,,GARDETTOS ORIGINAL RECIPE SNACK MIX,null,,-4,exempt test,,,,,,,,,
610OSP,,"DISTRIBUTION POINT, SINGLE-PAIR, 5533",5700,,17,exempt test,,,,,,,,,
6121DP,,CS FIBER OPTIC DROP 1200FT TONEABLE HCA-H01B-1200FL,null,,18,exempt test,,,,,,,,,
6122BF,,10 MM TUFFDUCT TRACE WIRE,null,,1,exempt test,,,,,,,,,
6126BF,,10MM X 10MM DUCT/SPLICE CONNECTOR,null,,1,exempt test,,,,,,,,,
6128BF,,"MULETAPE DETECTABLE 22GA 5/8"" WIDE",3900,,9,exempt test,,,,,,,,,
6130DP,,16/13 MICRO DUCT EMPTY SILICORE LUBE (ORNG) 10009181 | microduct,null,,48,exempt test,,,,,,,,,
6130DP,,16/13 MICRO DUCT EMPTY SILICORE LUBE (ORNG) 10009181 | microduct,null,,464,exempt test,,,,,,,,,
6131DP,,16/12 MICRO DUCT EMPTY SILICORE LUBE (ORNG) | microduct,null,,1,exempt test,,,,,,,,,
6131DP,,16/12 MICRO DUCT EMPTY SILICORE LUBE (ORNG) | microduct,null,,40,exempt test,,,,,,,,,
6131DP,,16/12 MICRO DUCT EMPTY SILICORE LUBE (ORNG) | microduct,null,,80,exempt test,,,,,,,,,
6134BF,,"3M KIT BKT OSP DSLAM MT SVB,SVC,SVE",null,,1,exempt test,,,,,,,,,
6134BF,,"3M KIT BKT OSP DSLAM MT SVB,SVC,SVE",null,,15,exempt test,,,,,,,,,
6135BF,,3M PBPOC-2-12-CL KIT FIBER TERMINAL,3700,,14,exempt test,,,,,,,,,
6136BF,,3M PBO-S1-2SCA-CL KIT FIBER TERMINAL,3700,,12,exempt test,,,,,,,,,
6137BF,,3M QCS3N/300-000/A FRAME EMPTY,null,,16,exempt test,,,,,,,,,
6138BF,,3M 2810-HCO/48-GBM QCS 50pr HARNESS GBM,null,,21,exempt test,,,,,,,,,
6139BF,,3M 4220SVBSK-A KIT SKIRT,null,,2,exempt test,,,,,,,,,
6139BF,,3M 4220SVBSK-A KIT SKIRT,null,,19,exempt test,,,,,,,,,
6140BF,,3M 4056-SVS2-A KIT STAKE 2 PACK ALMOND,null,,16,exempt test,,,,,,,,,
6141BF,,3M JBOXI INTERNAL TO CABINET,3700,,13,exempt test,,,,,,,,,
6142DP,,2FBR 6MM 8.5 MM OD MICRO DUCT | microduct,null,,2500,exempt test,,,,,,,,,
6142DP,,2FBR 6MM 8.5 MM OD MICRO DUCT | microduct,null,,2500,exempt test,,,,,,,,,
6142DP,,2FBR 6MM 8.5 MM OD MICRO DUCT | microduct,null,,2500,exempt test,,,,,,,,,
6142DP,,2FBR 6MM 8.5 MM OD MICRO DUCT | microduct,null,,2500,exempt test,,,,,,,,,
6143BF,,WIRE SPOOL (800') PIC .5MM (24 AWG) ORAN,3700,,3,exempt test,,,,,,,,,
6144BF,,"QCS TAGGING LABELS, BLUE GREEN, 1-180",null,,14,exempt test,,,,,,,,,
6148BF,,AFL LG MASS SPLICE TRAY LL-4848-48S,5300,,59,exempt test,,,,,,,,,
6150BF,,AFL LL-4808 L-R SPLICE TRAY,9700,,12,exempt test,,,,,,,,,
6150DP,,CS FIBER OPTIC DROP 1500FT,9200,,11,exempt test,,,,,,,,,
6150DP,,CS FIBER OPTIC DROP 1500FT,null,,13,exempt test,,,,,,,,,
6150DP,,CS FIBER OPTIC DROP 1500FT,null,,48,exempt test,,,,,,,,,
6152BF,,AFL FIXED CONDUIT SKIRT,9700,,47,exempt test,,,,,,,,,
6154BF,,KIT RIBBON SADDLE CLIP 40/PKG 97RIBNCLIPKIT,5300,,1560,exempt test,,,,,,,,,
6156BF,,"KIT 10""-14"" PED LRGE RBN 40 PCS/KT NON-R 97RIBNCLIPLG",null,,1600,exempt test,,,,,,,,,
6158BF,,"TUBE TRANSPORT RIBBON 3',10 EA 97RIBNTUBEKIT",5300,,2,exempt test,,,,,,,,,
6160BF,,TRAY RIBBON ONE TRAY 144 COUNT 97RIBNTRAY144,5300,,34,exempt test,,,,,,,,,
6160MISC,,LOUD BELL-75BA,3100,,7,exempt test,,,,,,,,,
6162BF,,"AFL CABLE GROUNDING KIT CLAMP ON GROUND CABLE ONLY
(PACK OF 5)",5300,,266,exempt test,,,,,,,,,
6170MISC,,LARGE BELL -    SAB 5900,3100,,11,exempt test,,,,,,,,,
6171ABF,,APEX AERIAL HANGER BRACKET AFL AX-KIT-AERIAL-1,5300,,128,exempt test,,,,,,,,,
6172ABF,,APEX 2 TRAY FULLY LOADED,4900,,230,exempt test,,,,,,,,,
6174ABF,,APEX FOAM RETENTION AFL HW000406,5300,,524,exempt test,,,,,,,,,
6176ABF,,KIT APEX 4-WAY DROP,5300,,184,exempt test,,,,,,,,,
6176ABF,,KIT APEX 4-WAY DROP,8100,,6,exempt test,,,,,,,,,
6180ABF,,CS-1 S003719 AFL | cotton swab qtip,7200,,900,exempt test,,,,,,,,,
6180MISC,,WOODEN SURVEYING STAKES 4' | lathes,null,,5149,exempt test,,,,,,,,,
6200FMC,,"LINE CORD 8"" 4 COND SE-453 | phone",2900,,104,exempt test,,,,,,,,,
620OSP,,DROP WIRE CLIP D F-010500,2600,,200,exempt test,,,,,,,,,
6210FMC,,"LINE CORDS, 7', PT-OCPP-4-07-SS | phone",2900,,93,exempt test,,,,,,,,,
6210FMC,,"LINE CORDS, 7', PT-OCPP-4-07-SS | phone",29000,,7,exempt test,,,,,,,,,
6220FMC,,LINE CORD 14' PT-LCPP-4-14-SS | phone,2900,,28,exempt test,,,,,,,,,
6230FMC,,"LINE CORDS 25', PT-LCPP-4-25-SS | phone",2900,,90,exempt test,,,,,,,,,
6231FMC,,"PHONE CORD 25',  PT-HCPP-R-25-BLK | phone",2900,,1,exempt test,,,,,,,,,
6250FMC,,LINE CORDS 7'(6COND) | phone,2900,,50,exempt test,,,,,,,,,
6251FMC,,PREMIERE 7FT 8 COND LINE CORD | phone,2900,,1,exempt test,,,,,,,,,
625FOOD,,HERSHEYS MILK CHOCOLATE BARS,null,,-2,exempt test,,,,,,,,,
625FOOD,,HERSHEYS MILK CHOCOLATE BARS,null,,-1,exempt test,,,,,,,,,
6260FMC,,PREMIERE 4COND LINE CORD REEL | phone,2900,,2,exempt test,,,,,,,,,
6261FMC,,PREMIER 6F LINE CORD REEL | phone,2900,,50,exempt test,,,,,,,,,
6262FMC,,PREMIERE 8COND LINE CORD REEL | phone,2900,,1,exempt test,,,,,,,,,
6270FMC,,RECEIVER CORDS 7' BROWN | phone,2700,,214,exempt test,,,,,,,,,
6280FMC,,RECEIVER CORDS 12' BROWN | phone,2700,,49,exempt test,,,,,,,,,
6283FMC,,RECEIVER CORDS 12' WHITE | phone,2900,,-1,exempt test,,,,,,,,,
6290FMC,,RECEIVER CORDS 25' BROWN | phone,2500,,99,exempt test,,,,,,,,,
630FOOD,,SNICKERS BARS,null,,-2,exempt test,,,,,,,,,
630FOOD,,SNICKERS BARS,null,,-1,exempt test,,,,,,,,,
630OFF,,PENTEL ZE22-C CLIC ERASER,11100,,6,exempt test,,,,,,,,,
630OSP,,DROP WIRE HOOK RAM'S HORN 30-01732 | goathead goat head,2600,,192,exempt test,,,,,,,,,
630OSP,,DROP WIRE HOOK RAM'S HORN 30-01732 | goathead goat head,2600,,950,exempt test,,,,,,,,,
631OFF,,PENTEL ZE22-C CLIC ERASER REFILL,11100,,18,exempt test,,,,,,,,,
631OSP,,HUBBELL WIREHOLDER,2400,,45,exempt test,,,,,,,,,
6332IW,,STATION WIRE SIMPLEX FIBER D5001L501 1000' REEL | house flex fiber,8500,,52995,exempt test,,,,,,,,,
6332IWx,,"PARIAL 
STATION WIRE SIMPLEX FIBER D5001L501 1000' REEL | house flex fiber",null,,732,exempt test,,,,,,,,,
6450IW,,SILICONE CLEAR RTV 8oz CAN 88000,1800,,131,exempt test,,,,,,,,,
6460IW,,JUNCTION BLOCK 742B,3200,,12,exempt test,,,,,,,,,
6490IW,,EMERSON CONNECTING BLOCK R66B4-25,3200,,23,exempt test,,,,,,,,,
6500IW,,CONNECTING BLOCK R66B3-50,3200,,9,exempt test,,,,,,,,,
6502IW,,CAT5E CONNECTING BLOCK 50 PAIR S66MI-50,3200,,149,exempt test,,,,,,,,,
650TOOL,,ACME 25A STAPLE GUN,12400,,12,exempt test,,,,,,,,,
6592IW,,STAND-OFF BRACKET S89D,3100,,100,exempt test,,,,,,,,,
6600IW,,R66 Block-Clear Covers,3100,,74,exempt test,,,,,,,,,
660CART,,HP INK CARTRIDGE C1Q18A GREY | HP Designjet T3500 - (Plotter),null,,2,exempt test,,,,,,,,,
660OSP,,"GROUND ROD GALVANIZED 1/2"" x 5' J5315",null,,384,exempt test,,,,,,,,,
661CART,,HP INK CARTRIDGE C1Q17A PHOTO K | HP Designjet T3500 - (Plotter),null,,2,exempt test,,,,,,,,,
6622IW,,SA 1100 BRIDGE CLIPS BX 1000 | bridging,3200,,36000,exempt test,,,,,,,,,
662CART,,HP INK CARTRIDGE C1Q16A MATTE K | HP Designjet T3500 - (Plotter),null,,2,exempt test,,,,,,,,,
663CART,,HP INK CARTRIDGE C1Q15A Y | HP Designjet T3500 - (Plotter),null,,2,exempt test,,,,,,,,,
6640IW,,ORTRONICS GENDER CHANGER,3100,,1,exempt test,,,,,,,,,
664CART,,HP INK CARTRIDGE C1Q14A M | HP Designjet T3500 - (Plotter),null,,2,exempt test,,,,,,,,,
670OSP,,"GROUND ROD, GALVANIZED, 5/8"" x 8'",null,,128,exempt test,,,,,,,,,
6720IW,,DISCONTINUED AMP COMMONING BLOCK ASSEMBLIES 2 LINE 1116339-1,3200,,2,exempt test,,,,,,,,,
6725IW,,COMMONING BLOCK TII-64010419,3200,,41,exempt test,,,,,,,,,
6740IW,,"BOX, PREWIRE, MTG, W/OPEN BACK, SE-147-2 | backbox",3200,,63,exempt test,,,,,,,,,
6751IW,,RJ45 INLINE ETHERNET COUPLER FEMALE TO FEMALE,3200,,540,exempt test,,,,,,,,,
6780JACK,,FLUSH JACK IVORY PT-625B4-4-44 | phone jack single flush mount,3300,,460,exempt test,,,,,,,,,
680OSP,,"GROUND ROD COPPER 5/8"" x 5'",null,,4,exempt test,,,,,,,,,
680TOOL,,"H.D. BOLT CUTTER 30"" (63530)",13700,,1,exempt test,,,,,,,,,
6830JACK,,"DUPLEX FLUSH JACK ASSEMBLY, ASH",3300,,151,exempt test,,,,,,,,,
6840JACK,,WALL JACK 6P4C Ash PT-630AP-4-44,3300,,280,exempt test,,,,,,,,,
6841JACK,,WALL JACK 6P6C Ash PT-630AP-6-44,3300,,53,exempt test,,,,,,,,,
6850JACK,,DUPLEX FLUSH JACK ASSEMBLY ASH | voice data,3300,,294,exempt test,,,,,,,,,
6860JACK,,SURFACE BLOCK WHITE AT468-4-15 | 404 biscuit jack,3300,,180,exempt test,,,,,,,,,
6870JACK,,COVER PLATES NC100C-1,3300,,500,exempt test,,,,,,,,,
6900JACK,,WALL PH JACK W/CALLER ID SE-63,3100,,10,exempt test,,,,,,,,,
690OSP,,COPPER-BONDED GROUND ROD POINTED 0.5 X 5FT,1500,,521,exempt test,,,,,,,,,
690OSP,,COPPER-BONDED GROUND ROD POINTED 0.5 X 5FT,null,,89,exempt test,,,,,,,,,
6930JACK,,SURFACE MOD JACK/625A6-50 | biscuit,2900,,23,exempt test,,,,,,,,,
7000JACK,,8 COND. RJ48 X -625A28NK-2-50 | biscuit,3100,,82,exempt test,,,,,,,,,
7000TOOL,,"PROBE PICK TAPERED L-SHAPED JIC-22035 P/N JIC-22035 JONARD 7"" NYLON 7000TOOL",12200,,186,exempt test,,,,,,,,,
700OSP,,"GROUND ROD, COPPER, 5/8"" x 8'",null,,141,exempt test,,,,,,,,,
700TOOL,,HEAD REPLA FOR BOLT CUTTER KLN#63624,null,,2,exempt test,,,,,,,,,
7010TOOL,,"DRILL BIT WOOD HOLLOW SHANK  3/8"" X 18""",11800,,8,exempt test,,,,,,,,,
7030JACK,,"SURFACE MOUNT BACKBOX 1.45"" | stand off prewire",3100,,109,exempt test,,,,,,,,,
7040JACK,,"SURFACE MOUNT BACKBOX 1.89"" | stand off",3100,,80,exempt test,,,,,,,,,
7050JACK,,FLUSH MOUNT WALLPLATE 1 PORT SINGLE GANG | one hole slot plate,3100,,76,exempt test,,,,,,,,,
7055JACK,,FLUSH MOUNT WALLPLATE 2 PORT SINGLE GANG | two 2 hole slot plate,3100,,173,exempt test,,,,,,,,,
7060JACK,,FLUSH MOUNT WALLPLATE 3 PORT SINGLE GANG | three 3 hole slot plate,3100,,310,exempt test,,,,,,,,,
7070JACK,,FLUSH MOUNT WALL PLATE 4 PORT,2900,,212,exempt test,,,,,,,,,
7080JACK,,FLUSH MOUNT WALL PLATE 6 PORT,2900,,273,exempt test,,,,,,,,,
7090JACK,,SNAP IN JACK 6 CONDUCTOR | punch down block voice phone,2900,,190,exempt test,,,,,,,,,
7096JACK,,CONNECTOR VOICE GRADE 8 CONDUCTOR IVORY,2900,,170,exempt test,,,,,,,,,
7097JACK,,CONNECTOR DATA CAT5 5G108-RI5 IVORY | punch down block ethernet keystone jack,2900,,733,exempt test,,,,,,,,,
7101JACK,,QUICKPORT BLANK IVORY | plate blanks,2900,,23990,exempt test,,,,,,,,,
710OSP,,CLAMP GROUND ROD K48 F042230 | acorn gurney kurney,2400,,1758,exempt test,,,,,,,,,
720OSP,,GROUND ROD CLAMP K58 F042231 | clamps,2400,,33,exempt test,,,,,,,,,
730OSP,,GROUND ROD CLAMP EM4DB-02,2400,,271,exempt test,,,,,,,,,
7501DSL,,DSL LINE FILTER 1-LINE,2700,,83,exempt test,,,,,,,,,
750OFF,,MARKER PERMANENT FINE-TIP K SAN32001,11100,,-3,exempt test,,,,,,,,,
750OFF,,MARKER PERMANENT FINE-TIP K SAN32001,11100,,-14,exempt test,,,,,,,,,
750OSP,,GROUND WIRE COPPER BARE/SOLID #6,4700,,15750,exempt test,,,,,,,,,
7510DSL,,WALL MOUNT FILTER 05-00016-01,7200,,60,exempt test,,,,,,,,,
751OSP,,GROUND WIRE COPPER INSUL/SOLID #6 | insulated,4700,,12900,exempt test,,,,,,,,,
7520DSL,,Whole House Filter 3612A2,2700,,55,exempt test,,,,,,,,,
7531DSL,,"BONDED DSL MODEM, CT-5361T | only used in rare circumstances. use instead # 7544",null,,23,exempt test,,,,,,,,,
7532DSL,,BONDED GATEWAY DSL MODEM CT-5631,null,,7,exempt test,,,,,,,,,
7540DSL,,"DSL ALARM FILTER, Z-A431PJ31X-A",7200,,49,exempt test,,,,,,,,,
7551DSL,,DSL FILTER 1-LINE SPLITTER PHONE/DSL,2700,,661,exempt test,,,,,,,,,
7552DSL,,COMTREND POWERLINE ADAPTER,8000,,12,exempt test,,,,,,,,,
7553DSL,,COMTREND POWERLINE ADAPTER W/ WIRELESS,8000,,6,exempt test,,,,,,,,,
7555DSL,,CYBERPOWER B100WRC1 WALL SURGE PROTECTOR,8000,,50,exempt test,,,,,,,,,
7556DSL,,CALIX GIGASPIRE MOUNTING bracket,4600,,735,exempt test,,,,,,,,,
760OFF,,PERMANENT MARKER TWIN-TIP BLACK SAN32001,11100,,18,exempt test,,,,,,,,,
760OSP,,"GROUND WIRE, COPPER, BARE/STRAND, #6",4700,,2500,exempt test,,,,,,,,,
761OSP,,GROUND WIRE-COPPER-INSUL/STRAND-RED-#6,4700,,1500,exempt test,,,,,,,,,
765OSP,,"GROUND WIRE, COPPER, INSUL/SOLID, #10 800 ft",4700,,16800,exempt test,,,,,,,,,
770OFF,,PERMANENT MARKER BLACK ULTRA-FINE,11100,,21,exempt test,,,,,,,,,
780OFF,,PERMANENT MARKER RED,11100,,-1,exempt test,,,,,,,,,
790OFF,,PERMANENT MARKER BLACK,null,,-6,exempt test,,,,,,,,,
791OFF,,PERMANENT MARKER RED BOLD,11100,,18,exempt test,,,,,,,,,
8001WIFI,,CALIX 804MESH DUAL WIFI POWER ADAPTER | mesh,8400,,132,exempt test,,,,,,,,,
8004WIFI,,GIGASPIRE MESH BLAST U4M GM1028,8000,,115,exempt test,,,,,,,,,
830OFF,,PERMANENT MARKER JUMBO CHISEL TIP RED,11100,,13,exempt test,,,,,,,,,
830OSP,,"B GROUND WIRE CLAMP 1/8""",6800,,1500,exempt test,,,,,,,,,
850OFF,,PERMANENT MARKER JUMBO CHISEL TIP BLACK,11100,,4,exempt test,,,,,,,,,
870OFF,,SCOTCH DELUXE DESKTOP TAPE DISPENSER,11700,,-1,exempt test,,,,,,,,,
870OSP,,TRAILER I-BEAM CLAMP EM4018,2600,,71,exempt test,,,,,,,,,
880OFF,,"MAGIC TAPE VALUE PACK, MMM810K24",11100,,1,exempt test,,,,,,,,,
880OSP,,METER BOX GROUND CLAMP 1BT2,1500,,300,exempt test,,,,,,,,,
890OFF,,"3M SCOTCH GLOSSY TRANSPARENT TAPE, 3/4""",null,,-5,exempt test,,,,,,,,,
890OFF,,"3M SCOTCH GLOSSY TRANSPARENT TAPE, 3/4""",null,,-4,exempt test,,,,,,,,,
8910OSP,,ONE STEP BERMUDA GRASS BARE SPOT REPAIR | seed,9000,,20,exempt test,,,,,,,,,
930BH,,BONDING HARNESS EM8100-11.25,5600,,943,exempt test,,,,,,,,,
940BH,,BONDING HARNESS EM8100-18.25,null,,1180,exempt test,,,,,,,,,
940BH,,BONDING HARNESS EM8100-18.25,5600,,86,exempt test,,,,,,,,,
940OSP,,ROCK GROUND AUGMENTATION FILL,null,,30,exempt test,,,,,,,,,
950BH,,SHIELD BOND CONNECTOR 4462-SN,5400,,2049,exempt test,,,,,,,,,
950OFF,,"RULER STAINLESS STEAL, 15"" ACM10416",11100,,19,exempt test,,,,,,,,,
960011-1,,HARD HAT FULL BRIM W/HEADLAMP 60406RL | hardhat,14400,,5,exempt test,,,,,,,,,
960011-2,,HARD HAT REPLACEMENT SUSPENSION KHHSPN | hardhat,14400,,3,exempt test,,,,,,,,,
960011-3,,HARD HAT REPLACEMENT TOP PAD KHHTOPPAD | hardhat,14400,,3,exempt test,,,,,,,,,
960011-4,,HARD HAT REPLACEMENT SWEATBAND KHHSWTBND | hardhat,14400,,3,exempt test,,,,,,,,,
960101-1,,"TRAFFIC CONE REFLECTIVE 36""",14200,,89,exempt test,,,,,,,,,
960101-2,,"TRAFFIC CONE BLACK BASE HCTC LOGO 28""",4200,,16,exempt test,,,,,,,,,
960101-3,,"TRAFFIC CONE BLACK BASE HCTC LOGO 18"" ",4200,,26,exempt test,,,,,,,,,
960101-3,,"TRAFFIC CONE BLACK BASE HCTC LOGO 18"" ",null,,25,exempt test,,,,,,,,,
960101-4,,ORANGE DELINEATOR POST | cone,null,,20,exempt test,,,,,,,,,
960200-1,,EARMUFF HEARING PROTECTION,14500,,13,exempt test,,,,,,,,,
960201-2XL,,"RAIN COAT 48"" 2XLARGE",14400,,17,exempt test,,,,,,,,,
960201-3XL,,"RAIN COAT 48"" 3XLARGE",14400,,9,exempt test,,,,,,,,,
960201-L,,"RAIN COAT 48"" LARGE",14400,,10,exempt test,,,,,,,,,
960300-L,,TUFF COAT-II GLOVES LARGE | brown,11900,,45,exempt test,,,,,,,,,
960300-M,,TUFF COAT-II GLOVES MEDIUM | green,11900,,69,exempt test,,,,,,,,,
960300-XL,,TUFF COAT-II GLOVES X-LARGE | blue,11900,,95,exempt test,,,,,,,,,
960301-L,,GLOVES KNIT DIPPED LARGE,11900,,12,exempt test,,,,,,,,,
960301-M,,GLOVES KNIT DIPPED MEDIUM,11900,,13,exempt test,,,,,,,,,
960301-S,,GLOVES KNIT DIPPED SMALL,11900,,15,exempt test,,,,,,,,,
960301-XL,,GLOVES KNIT DIPPED X-LARGE,11900,,11,exempt test,,,,,,,,,
960302-2XL,,GLOVES FORMFIT XXL,11900,,19,exempt test,,,,,,,,,
960302-L,,GLOVES FORMFIT L,11900,,34,exempt test,,,,,,,,,
960302-M,,GLOVES FORMFIT M,11900,,20,exempt test,,,,,,,,,
960302-S,,GLOVES FORMFIT S,11900,,6,exempt test,,,,,,,,,
960302-XL,,GLOVES FORMFIT XL,11900,,-73,exempt test,,,,,,,,,
960303-L,,NITRILE POWDERED GLOVES S-7963 LG BLUE,14300,,1600,exempt test,,,,,,,,,
960303-M,,NITRILE POWDER GLOVES M BLUE,2700,,700,exempt test,,,,,,,,,
960303-XL,,NITRILE POWDERED GLOVES S-7963 XL,14300,,3000,exempt test,,,,,,,,,
960304-L,,NITRILE NO-POWDER GLOVES LG BLACK,2700,,1700,exempt test,,,,,,,,,
960304-XL,,NITRILE NO-POWDER GLOVES XL BLACK,2700,,1000,exempt test,,,,,,,,,
960BH,,MINI B BOND EM20BM (04) | bonding clamp,5400,,1983,exempt test,,,,,,,,,
970006-1,,TRASH CAN LINER 40x46 LSR4046X3G 45GAL | bag,10300,,7,exempt test,,,,,,,,,
970006-3,,TRASH CAN LINER 33x40 1.5 MIL SILVER | bag,10300,,-104,exempt test,,,,,,,,,
970006-5,,TRASH CAN LINER 24x33 | ,10300,,-102,exempt test,,,,,,,,,
970006-6,,TRASH CAN LINER 40X45 33 GAL | bag,10300,,-1,exempt test,,,,,,,,,
970019-2032,,BATTERY CR2032 1-ea | button coin,5700,,73,exempt test,,,,,,,,,
970019-27A,,BATTERY 12V 27A 1-ea,5700,,2,exempt test,,,,,,,,,
970019-9V,,BATTERY ALKALINE 9V 1-ea | batteries,5700,,92,exempt test,,,,,,,,,
970019-AA,,BATTERY ALKALINE AA 1-ea | batteries,5700,,851,exempt test,,,,,,,,,
970019-AAA,,BATTERY ALKALINE AAA 1-ea | batteries,5700,,774,exempt test,,,,,,,,,
970019-C,,BATTERY ALKALINE C 1-ea | batteries,5700,,220,exempt test,,,,,,,,,
970019-D,,BATTERY ALKALINE D 1-ea | batteries,5700,,8,exempt test,,,,,,,,,
970025-1,,"POCKET JOURNAL SQUARED 704994  MOLESKINE, SET OF 3, 5X8.5""",11700,,8,exempt test,,,,,,,,,
970025-10,,"QUADRILLE PAD W/4 SQUARES/INCH, AMP22000",11700,,8,exempt test,,,,,,,,,
970025-2,,"POCKET JOURNAL RULED 704987 MOLEKSINE, 5X8.5""",11700,,40,exempt test,,,,,,,,,
970025-3,,"POCKET JOURNAL MOLESKIN 704895 RULED NOTEBOOK 3.5x5.5""",11700,,19,exempt test,,,,,,,,,
970025-4,,UNIVERSAL 3X5 SCRATCH PAD 35613 | unv35613,11700,,-3,exempt test,,,,,,,,,
970025-5,,WRITING PAD WHITE 5X8 UNV56300,11700,,4,exempt test,,,,,,,,,
970025-6,,NOTEBOOK SPIRAL 6x9 RED36746,11700,,-15,exempt test,,,,,,,,,
970025-7,,"MESSAGE PAD, PINK, UNV48023",11700,,36,exempt test,,,,,,,,,
970025-8,,WRITING PADS PERFORATED EDGE UNV30630,11700,,3,exempt test,,,,,,,,,
970025-9,,"NOTEBOOK, SPIRAL BOUND MEA05515",11700,,-8,exempt test,,,,,,,,,
970026-3,,SAMSILL 71410 PAD HOLDER 8 1/2X11 | portfolio pad clip,11100,,9,exempt test,,,,,,,,,
970026-4,,CLIPBOARD; MEMO SIZE UNV05561,11100,,1,exempt test,,,,,,,,,
970026-5,,SAMSILL PAD HOLDER MEMO SIZE | portfolio pad clip,11100,,20,exempt test,,,,,,,,,
970028-1,,GEL PEN .05mm RETRACTABLE BLACK,11100,,-25,exempt test,,,,,,,,,
970028-2,,GEL PEN .05mm RETRACTABLE RED,11100,,-26,exempt test,,,,,,,,,
970028-3,,GEL PEN .05mm RETRACTABLE BLUE,11100,,-22,exempt test,,,,,,,,,
970028-4,,GEL PEN .05mm RETRACTABLE GREEN,11100,,94,exempt test,,,,,,,,,
970029-1,,RETRACTABLE GEL PEN BLACK,11100,,36,exempt test,,,,,,,,,
970029-2,,PEN RETRACTABLE GEL RED,11100,,22,exempt test,,,,,,,,,
970029-3,,RETRACTABLE GEL PEN BLUE,11100,,17,exempt test,,,,,,,,,
970029-4,,RETRACTABLE GEL PEN GREEN,11100,,11,exempt test,,,,,,,,,
970029-5,,REFILL ENERGEL BLACK PENLRN7A,11100,,33,exempt test,,,,,,,,,
970029-6,,"PENTEL REFILL FOR ENERGEL, RED",11100,,23,exempt test,,,,,,,,,
970029-7,,PENTEL REFILL FOR ENERGEL BLUE,11100,,-4,exempt test,,,,,,,,,
970037-2,,DUST MOP TREATMENT,1700,,1,exempt test,,,,,,,,,
970038-1,,PAINT MARKER BLACK,6100,,17,exempt test,,,,,,,,,
970039-1,,COPY PAPER 8.5 x 11 | letter,2000,,28,exempt test,,,,,,,,,
970039-3,,COPY PAPER 11 x 17 | ledger,2000,,12,exempt test,,,,,,,,,
970040-2,,"THERMAL TRANSFER RIBBON 4"" WIDE | outdoor",9900,,4,exempt test,,,,,,,,,
970040-3,,"DIRECT THERMAL LABELS - YELLOW, 3 x 1"" | indoor",9900,,3,exempt test,,,,,,,,,
970101-1,,PEN PENCIL HOLDER METAL MESH,null,,-1,exempt test,,,,,,,,,
970102-1,,STAPLE REMOVER JAW STYLE,11100,,-5,exempt test,,,,,,,,,
970102-10,,HOLE PUNCH SINGLE HOLE,null,,-1,exempt test,,,,,,,,,
970102-10,,HOLE PUNCH SINGLE HOLE,11300,,-1,exempt test,,,,,,,,,
970102-11,,HOLE PUNCH THREE HOLE HEAVY DUTY,11700,,-1,exempt test,,,,,,,,,
970102-2,,MAGNETIC PAPER CLIP DISPENSER,11100,,23,exempt test,,,,,,,,,
970102-3,,WALL CLIPS FOR FABRIC PANEL,11100,,-1,exempt test,,,,,,,,,
970102-4,,PAPER CLIP STANDARD,11100,,-9,exempt test,,,,,,,,,
970102-6,,PAPER CLIP JUMBO,11300,,995,exempt test,,,,,,,,,
970200-1,,CROWD CONTROL POST STORAGE CART,null,,1,exempt test,,,,,,,,,
970200-2,,CROWD CONTROL POST,null,,4,exempt test,,,,,,,,,
970208-2,,ZEP HAND SANITIZER GEL/ NO PUMP,5700,,189,exempt test,,,,,,,,,
970208-3,,HAND SANITIZER PUMP GEL,3900,,417,exempt test,,,,,,,,,
970208-3,,HAND SANITIZER PUMP GEL,4900,,119,exempt test,,,,,,,,,
970208-5,,DISINFECTING WIPES,2500,,28,exempt test,,,,,,,,,
970208-6,,"ANTI-VIRAL FACIAL TISSUE, KIM25836CT | kleenex",10400,,260,exempt test,,,,,,,,,
970208-7,,DISINFECTANT SPRAY,14100,,-4,exempt test,,,,,,,,,
970401-1,,"LABEL CARTRIDGE BK/WH 0.75"" M21-750-595-WT",null,,-1,exempt test,,,,,,,,,
970500-1,,PAPER CUP,null,,16141,exempt test,,,,,,,,,
970500-3,,PLASTIC SPOON,null,,2,exempt test,,,,,,,,,
970500-4,,PLASTIC KNIFE,null,,3,exempt test,,,,,,,,,
970500-5,,"PAPER PLATE 10""",null,,-2,exempt test,,,,,,,,,
970500-5,,"PAPER PLATE 10""",null,,-11,exempt test,,,,,,,,,
970500-6,,"PAPER PLATE 6""",null,,-1,exempt test,,,,,,,,,
970500-7,,PAPER BOWL 12oz,null,,1,exempt test,,,,,,,,,
970501-1,,CHLORINE BLEACH,5700,,2,exempt test,,,,,,,,,
970501-10,,TORK PREMIUM 100297 XTRA SOFT XPRS TOWEL | napkin,11000,,823,exempt test,,,,,,,,,
970501-11,,PAPER TOWEL MULTIFOLD 2 PLY GEP21000 | napkin,null,,-1,exempt test,,,,,,,,,
970501-11,,PAPER TOWEL MULTIFOLD 2 PLY GEP21000 | napkin,null,,-2,exempt test,,,,,,,,,
970501-2,,DISHWASHING LIQUID SOAP,14300,,-4,exempt test,,,,,,,,,
970501-3,,DISH WASHER SOAP,5500,,23,exempt test,,,,,,,,,
970501-4,,BAR SOAP,5500,,26,exempt test,,,,,,,,,
970501-5,,HAND SOAP LIQUID,14300,,70,exempt test,,,,,,,,,
970501-7,,HEAVY DUTY SCRUB SPONGE 3PK,5500,,-1,exempt test,,,,,,,,,
970501-8,,KITCHEN ROLL PAPER TOWELS KIM41482 | napkin,10600,,379,exempt test,,,,,,,,,
970501-9,,HAND TOWEL MULTIFOLD MB578,null,,-16,exempt test,,,,,,,,,
970502-1,,BULK PAPER TOWEL ROLL KIM01080,null,,89,exempt test,,,,,,,,,
970502-2,,BATHROOM TISSUE 2 PLY KIM17713 | toilet roll paper,14400,,1345,exempt test,,,,,,,,,
980001-2XL,,SAFETY VEST YELLOW 2XL | double extra large,11900,,35,exempt test,,,,,,,,,
980001-3XL,,SAFETY VEST YELLOW 3XL | tripple extra large,11900,,12,exempt test,,,,,,,,,
980001-4XL,,SAFETY VEST YELLOW 4XL | quadruple extra large,11900,,11,exempt test,,,,,,,,,
980001-L,,SAFETY VEST YELLOW L | large,11900,,-1,exempt test,,,,,,,,,
980001-M,,SAFETY VEST YELLOW MD | medium,11900,,27,exempt test,,,,,,,,,
980001-S,,SAFETY VEST YELLOW SM | small,11900,,6,exempt test,,,,,,,,,
980001-XL,,SAFETY VEST YELLOW XL | extra large,11900,,12,exempt test,,,,,,,,,
980003-1,,SAFETY GLASSES TINTED,2600,,85,exempt test,,,,,,,,,
980003-2,,"SAFETY GLASSES, CLEAR",2600,,195,exempt test,,,,,,,,,
980005-1,,TABBING SHEAR JONARD TS-850,12400,,4,exempt test,,,,,,,,,
980006-1,,BRASS PADLOCK KEYED ALIKE MODEL 112 | | thin shank hctc,2400,,96,exempt test,,,,,,,,,
980006-2,,BRASS PADLOCK KEYED ALIKE MODEL 713 | thick shank hctc,2400,,88,exempt test,,,,,,,,,
980006-3,,BRASS PADLOCK KEYED ALIKE MODEL 66370 0 MAS#3577 LONG SHANK  | hctc,2400,,18,exempt test,,,,,,,,,
980006-4,,BRASS PADLOCK COMBO LONG SHANK 5JKW8 | hctc ,2400,,8,exempt test,,,,,,,,,
980066-1,,REPLACEMENT BLADES FOR EZ-RJPRO CRIMP TOOL 100054BL,12200,,5,exempt test,,,,,,,,,
980067-1,,LITEBAND PRO 1000 HEADLAMP,null,,-1,exempt test,,,,,,,,,
980067-3,,PREMIUM CASE FOR LIGEBAND PRO HEADLAMP LPC1,null,,1,exempt test,,,,,,,,,
980067-4,,HEADLAMP KIT LITEBAND PRO 1000CF,12200,,3,exempt test,,,,,,,,,
980068-2,,TEMPO TELEPHONE TEST SET TM900 | buttset tm-900,13400,,1,exempt test,,,,,,,,,
980068-2,,TEMPO TELEPHONE TEST SET TM900 | buttset tm-900,13400,,1,exempt test,,,,,,,,,
980068-2,,TEMPO TELEPHONE TEST SET TM900 | buttset tm-900,13400,,1,exempt test,,,,,,,,,
980068-2,,TEMPO TELEPHONE TEST SET TM900 | buttset tm-900,13400,,1,exempt test,,,,,,,,,
980068-2,,TEMPO TELEPHONE TEST SET TM900 | buttset tm-900,13400,,1,exempt test,,,,,,,,,
980069-1,,TOOL BAG 18 POCKET | pouch 5719,12500,,5,exempt test,,,,,,,,,
980069-2,,AERIAL SPLICING BAG 5144,12500,,6,exempt test,,,,,,,,,
980069-3,,CANVAS TOOL BAG (5102-24),null,,4,exempt test,,,,,,,,,
980070-1,,FLUKE IMPACT TOOL#10055200 | punchdown,11200,,11,exempt test,,,,,,,,,
980070-2,,AUTOMATIC IMPACT TOOL D814 10054-000 (TOOL ONLY) | punchdown,12200,,4,exempt test,,,,,,,,,
980070-3,,EVERSHARP 66 REPLACEMENT BLADES FOR PUNCHDOWN TOOL,11200,,5,exempt test,,,,,,,,,
980070-3,,EVERSHARP 66 REPLACEMENT BLADES FOR PUNCHDOWN TOOL,12200,,2,exempt test,,,,,,,,,
980070-4,,EVERSHARP 110 PUNCHDOWN TOOL BLADE 10176000,12400,,3,exempt test,,,,,,,,,
980071-1,,EVOLV TEST JUMPER WITH PUSHLOK D14401E31AJ003M,12200,,18,exempt test,,,,,,,,,
980071-2,,CLEANING PEN FOR EVOLV PUSHLOK CLEANER-PUSHLOK,12200,,17,exempt test,,,,,,,,,
980071-3,,COMMSCOPE TEST JUMPER OPTITAP SC/A TO SC/A 9um 434401E31AJ003M,12200,,18,exempt test,,,,,,,,,
980071-5,,"FIBER OPTIC CLEANING TOOL, OPTITIP CONNECTOR 2104478-01",null,,1,exempt test,,,,,,,,,
980071-5,,"FIBER OPTIC CLEANING TOOL, OPTITIP CONNECTOR 2104478-01",null,,24,exempt test,,,,,,,,,
980083-1,,COOLING TOWEL LARGE ARCTIC COVE GU1705,14400,,51,exempt test,,,,,,,,,
980083-2,,BLADELESS NECK COOLER | rechargable fan,14400,,4,exempt test,,,,,,,,,
980101-1,,FTTX FLAT DROP SLITTER MB04-7000 | fiber slitting splitting splitter splitting,12200,,4,exempt test,,,,,,,,,
980101-1.1,,SST SLITTING TOOL MB03-7020 | fiber slitter splitting splitter splitting,12400,,5,exempt test,,,,,,,,,
980101-1.2,,REPLACEMENT BLADE KIT W/R REVERSIBLE BLADE | fiber splitting splitter splitting,12200,,-1,exempt test,,,,,,,,,
980101-4,,CABLE STRIP AND RING TOOL CSR-1575,12400,,6,exempt test,,,,,,,,,
980101-4.1,,REPLACEMENT BLADE CSR-2 FOR CABLE STRIP AND RING TOOL CSR-1575,12400,,12,exempt test,,,,,,,,,
980102-1,,CUTTER MICRODUCT STRAIGHT 8-19MM OD | for microduct with pre-installed fiber,12400,,2,exempt test,,,,,,,,,
980102-2,,CUTTER MICRODUCT ROUND | for microduct with pre-installed fiber,12400,,5,exempt test,,,,,,,,,
980102-3,,DROP CABLE STRIP TOOL CPT-6590,12400,,1,exempt test,,,,,,,,,
980102-4,,FIBER OPTIC DROP CABLE SPLITTER FOD-2000 | slitter,12400,,9,exempt test,,,,,,,,,
980200-1,,FIBERGLASS POLE SET WITH WIRE RISER KIT | layup stick jameson,12900,,16,exempt test,,,,,,,,,
980201-1,,"POLE SAW KIT W/SAW HEAD, BLADE, SCABBARD PS-2K | jameson",13100,,4,exempt test,,,,,,,,,
980201-2,,TREE PRUNER PULLEY KIT PH-11 PHA-11 | jameson,12900,,5,exempt test,,,,,,,,,
980201-3,,"SAW BLADE 16"" SB-2 | pruning jameson",12900,,3,exempt test,,,,,,,,,
980201-4,,LIMB & WIRE RAISER WR-1 | jameson,13100,,6,exempt test,,,,,,,,,
980201-5,,POLE SAW HEAD PS-3CHFP | jameson,12900,,2,exempt test,,,,,,,,,
980203-1,,LINEMANS WRENCH 3146,12400,,8,exempt test,,,,,,,,,
980203-2,,"ADJUSTABLE WRENCH 4"" D506-4",12400,,2,exempt test,,,,,,,,,
980203-3,,"ADJUSTABLE WRENCH 6"" D507-6",12200,,11,exempt test,,,,,,,,,
980203-4,,"ADJUSTABLE WRENCH 12"" D507-12",12400,,10,exempt test,,,,,,,,,
980203-5,,LINEMANS WRENCH KT155T,null,,8,exempt test,,,,,,,,,
980300-1,,EXPANDABLE TIP SCREW DRIVER #2356E,12400,,1,exempt test,,,,,,,,,
980300-2,,SCREWDRIVER 11 IN 1 W/COBMO SCREW TIPS,12200,,7,exempt test,,,,,,,,,
980301-1,,SCREWDRIVER POCKET-CLIP | flat head flathead,12400,,12,exempt test,,,,,,,,,
980301-2,,"SCREWDRIVER 4"" (605-4) | cabinet-tip flat head flathead",12200,,22,exempt test,,,,,,,,,
980301-3,,"SCREWDRIVER 4"" (601-4) | flat head flathead",12200,,11,exempt test,,,,,,,,,
980301-3,,"SCREWDRIVER 4"" (601-4) | flat head flathead",12400,,3,exempt test,,,,,,,,,
980301-4,,"SCREWDRIVER CABINET-TIP 6"" 601-6 | flat head flathead",12400,,12,exempt test,,,,,,,,,
980301-5,,"SCREWDRIVER CABINET-TIP 3"" |  flat head flathead 607-3 ",12400,,4,exempt test,,,,,,,,,
980301-6,,"SCREWDRIVER 6"" (602-6) | flat head flathead",12200,,11,exempt test,,,,,,,,,
980301-6,,"SCREWDRIVER 6"" (602-6) | flat head flathead",12400,,1,exempt test,,,,,,,,,
980302-1,,"SCREWDRIVER POCKET PHILLIPS 1/2"" P-12",12400,,8,exempt test,,,,,,,,,
980302-2,,"SCREWDRIVER 4"" #2 (603-4 ) PHILLIPS",12400,,2,exempt test,,,,,,,,,
980302-3,,"SCREWDRIVER 3"" (6033) PHILLIPS",12200,,11,exempt test,,,,,,,,,
980302-4,,"SCREWDRIVER 6"" #3 (603-6) PHILLIPS",12200,,18,exempt test,,,,,,,,,
980302-4,,"SCREWDRIVER 6"" #3 (603-6) PHILLIPS",12400,,9,exempt test,,,,,,,,,
980303-1,,"NUT DRIVER 3/8"" 630-3/8",12400,,2,exempt test,,,,,,,,,
980303-2,,"NUT DRIVER 7/16"" 630-7/16",12400,,4,exempt test,,,,,,,,,
980303-3,,"NUT DRIVER 7/16"" 630-5/16",12200,,1,exempt test,,,,,,,,,
980303-4,,NUT DRIVER 630-1/4,12400,,21,exempt test,,,,,,,,,
980400-1,,"PLIERS LONG-NOSE 6"" D203-6H2 | needle",12400,,1,exempt test,,,,,,,,,
980400-2,,"PUMP PLIERS 10"" D502-10 | channel locks",12400,,5,exempt test,,,,,,,,,
980400-3,,PLIERS NEED-L-LOCK CRIMPING 11294000 | needle nose button,12200,,8,exempt test,,,,,,,,,
980400-4,,PLIERS CONNECTOR CRIMPING JIC-891 | button,12200,,9,exempt test,,,,,,,,,
980400-5,,"PLIER SIDE CUTTING 9"" D213-9NE",12200,,12,exempt test,,,,,,,,,
980401-1,,"PLIERS DIAGONAL-CUTTING 6"" D202-6C | side cutter",12200,,19,exempt test,,,,,,,,,
980401-2,,"PLIERS DIAGONAL-CUTTING 8"" D228-8 | side cutter",12200,,9,exempt test,,,,,,,,,
980401-3,,CABLE CUTTERS 63050,12200,,4,exempt test,,,,,,,,,
980600-1,,FOLDING RULER 6FT FIBERGLASS 910-6,12400,,18,exempt test,,,,,,,,,
980600-2,,"BUCKET TOOL APRON HOOKS 2""",12500,,13,exempt test,,,,,,,,,
980700-10,,ACME STAPLES CAT5 652166,12400,,24999,exempt test,,,,,,,,,
980700-11,,"STAPLES BEIGE ROUND CROWN 3/8"" T-25 | t25",12400,,11000,exempt test,,,,,,,,,
980700-12,,ARROW BEIGE STAPLES T-75 | t75,12400,,11000,exempt test,,,,,,,,,
981100-2,,WESTEK TEL-LINE TESTER TC-TLTS 1A,11900,,9,exempt test,,,,,,,,,
981100-3,,REPLACEMENT CORD (W/CUSTOM ENDS) TS444247Q,11900,,7,exempt test,,,,,,,,,
981100-4,,FLUKE PINCER CLIPS PROBE SET AC283,11900,,3,exempt test,,,,,,,,,
981100-5,,TEST LEAD SET 990TL-SB,11900,,3,exempt test,,,,,,,,,
981100-6,,TEST LEAD SET TN-LEADS-SB,11900,,2,exempt test,,,,,,,,,
981100-7,,RF TEST LEAD SET 990TL-SB/RF,11900,,3,exempt test,,,,,,,,,
981300-1,,FLUKE SUREGRIP SILICONE TEST LEADS TL224,null,,-6,exempt test,,,,,,,,,
981300-1,,FLUKE SUREGRIP SILICONE TEST LEADS TL224,11900,,12,exempt test,,,,,,,,,
981300-2,,FLUKE SUREGRIP SILICONE TEST LEADS RIGHT ANGLE TL222,null,,-10,exempt test,,,,,,,,,
981300-2,,FLUKE SUREGRIP SILICONE TEST LEADS RIGHT ANGLE TL222,11900,,10,exempt test,,,,,,,,,
981300-2,,FLUKE SUREGRIP SILICONE TEST LEADS RIGHT ANGLE TL222,11900,,10,exempt test,,,,,,,,,
981300-3,,VOLTAGE DETECTOR W/CAP AND POUCH TEL-FVD/FVD/PC,12400,,19,exempt test,,,,,,,,,
982000-1,,DUCT HOLDER TOOL DC-10,5400,,1,exempt test,,,,,,,,,
982000-1,,DUCT HOLDER TOOL DC-10,8100,,7,exempt test,,,,,,,,,
982000-1,,DUCT HOLDER TOOL DC-10,8400,,-7,exempt test,,,,,,,,,
985000-1,,TECHNICIAN'S TOOL BAG BACKPACK BP-100,11900,,1,exempt test,,,,,,,,,
985000-2,,RUGGED CARRYING CASE H-20,11900,,7,exempt test,,,,,,,,,
985000-3,,MOLDED 5 POCKET TOOL POUCH H-50,11900,,7,exempt test,,,,,,,,,
985000-4,,MOLDED TWO POCKET TOOL POUCH H-60,11900,,7,exempt test,,,,,,,,,
990201-3,,CHICAGO GRIP MESSENGER GUY STRAND | gripper come along clamp,11800,,1,exempt test,,,,,,,,,
990201-3,,CHICAGO GRIP MESSENGER GUY STRAND | gripper come along clamp,11800,,1,exempt test,,,,,,,,,
990201-3,,CHICAGO GRIP MESSENGER GUY STRAND | gripper come along clamp,11800,,1,exempt test,,,,,,,,,
990201-3,,CHICAGO GRIP MESSENGER GUY STRAND | gripper come along clamp,11800,,1,exempt test,,,,,,,,,
990201-3,,CHICAGO GRIP MESSENGER GUY STRAND | gripper come along clamp,11800,,1,exempt test,,,,,,,,,
990201-3,,CHICAGO GRIP MESSENGER GUY STRAND | gripper come along clamp,11800,,1,exempt test,,,,,,,,,
990201-3,,CHICAGO GRIP MESSENGER GUY STRAND | gripper come along clamp,11800,,1,exempt test,,,,,,,,,
990201-3,,CHICAGO GRIP MESSENGER GUY STRAND | gripper come along clamp,11800,,1,exempt test,,,,,,,,,
990BH,,SCOTCHLOK UR2 CONNECTOR UR2 | buttons,null,,95450,exempt test,,,,,,,,,
990BH,,SCOTCHLOK UR2 CONNECTOR UR2 | buttons,5600,,94100,exempt test,,,,,,,,,
991BH,,SCOTCHLOK UY2 CONNECTOR | buttons,5600,,35100,exempt test,,,,,,,,,
AC2640,,"STRAND 6M 5/16""",null,,44500,exempt test,,,,,,,,,
AC2650x,,"STRAND 10M 3/8"" PARTIAL REEL",null,,-15,exempt test,,,,,,,,,
BC4190,,PEDESTAL BD 2 METAL UPC-BD2,null,,91,exempt test,,,,,,,,,
BC4212,,"CI BD 3, NON-METALLIC PEDESTAL | cpls6 bd3 sip",null,,72,exempt test,,,,,,,,,
hct6307928,,ALUMA-FORM STEEL POLE GUY ATTACHMENTS,1400,,23,exempt test,,,,,,,,,
LT5887,,CALIX ONT BATTERY-INDOOR 100-03826 | battery backup bb ups cyberpower,3700,,46,exempt test,,,,,,,,,
LT5889,,ONT BATTERY BACKUP-OUTDOOR | ups bb cyberpower power,3700,,110,exempt test,,,,,,,,,
LT5890,,PLASTIC ENCLOSURE FOR ONT 2343-02 | housing,3600,,160,exempt test,,,,,,,,,
LT5891,,ESPi OUTDOOR UPS w/BATTERY | ups bb battery backup,3800,,252,exempt test,,,,,,,,,
NID1655,,UNIVERSAL LINE MODULE PROTECTOR 33U1 3PAIR | dmark demark nid,3100,,387,exempt test,,,,,,,,,
NID1656,,NETWORK INTERFACE DEVICE 3PAIR 33U1 | dmark demark nid,3200,,382,exempt test,,,,,,,,,
NID1675,,UNIVERSAL LINE MODULE PROTECTOR 33U2 | whole house filter ulm-dsl-33u2,3100,,43,exempt test,,,,,,,,,
WATER COOLER 3,,INSULATED WATER JUG 3 GALLON,10000,,1,exempt test,,,,,,,,,
WATER COOLER 5,,INSULATED WATER JUG/COOLER,10000,,2,exempt test,,,,,,,,,
